CREATE DATABASE  IF NOT EXISTS `gdb023` /*!40100 DEFAULT CHARACTER SET utf8mb4 COLLATE utf8mb4_0900_ai_ci */ /*!80016 DEFAULT ENCRYPTION='N' */;
USE `gdb023`;
-- MySQL dump 10.13  Distrib 8.0.28, for Win64 (x86_64)
--
-- Host: 127.0.0.1    Database: gdb041_p
-- ------------------------------------------------------
-- Server version	8.0.28

/*!40101 SET @OLD_CHARACTER_SET_CLIENT=@@CHARACTER_SET_CLIENT */;
/*!40101 SET @OLD_CHARACTER_SET_RESULTS=@@CHARACTER_SET_RESULTS */;
/*!40101 SET @OLD_COLLATION_CONNECTION=@@COLLATION_CONNECTION */;
/*!50503 SET NAMES utf8 */;
/*!40103 SET @OLD_TIME_ZONE=@@TIME_ZONE */;
/*!40103 SET TIME_ZONE='+00:00' */;
/*!40014 SET @OLD_UNIQUE_CHECKS=@@UNIQUE_CHECKS, UNIQUE_CHECKS=0 */;
/*!40014 SET @OLD_FOREIGN_KEY_CHECKS=@@FOREIGN_KEY_CHECKS, FOREIGN_KEY_CHECKS=0 */;
/*!40101 SET @OLD_SQL_MODE=@@SQL_MODE, SQL_MODE='NO_AUTO_VALUE_ON_ZERO' */;
/*!40111 SET @OLD_SQL_NOTES=@@SQL_NOTES, SQL_NOTES=0 */;

--
-- Table structure for table `dim_customer`
--

DROP TABLE IF EXISTS `dim_customer`;
/*!40101 SET @saved_cs_client     = @@character_set_client */;
/*!50503 SET character_set_client = utf8mb4 */;
CREATE TABLE `dim_customer` (
  `customer_code` int unsigned NOT NULL,
  `customer` varchar(150) CHARACTER SET latin1 NOT NULL,
  `platform` varchar(45) CHARACTER SET latin1 NOT NULL,
  `channel` varchar(45) CHARACTER SET latin1 NOT NULL,
  `market` varchar(45) CHARACTER SET latin1 DEFAULT NULL,
  `sub_zone` varchar(45) CHARACTER SET latin1 DEFAULT NULL,
  `region` varchar(45) CHARACTER SET latin1 DEFAULT NULL
) ENGINE=InnoDB DEFAULT CHARSET=utf8mb4 COLLATE=utf8mb4_0900_ai_ci;
/*!40101 SET character_set_client = @saved_cs_client */;

--
-- Dumping data for table `dim_customer`
--

LOCK TABLES `dim_customer` WRITE;
/*!40000 ALTER TABLE `dim_customer` DISABLE KEYS */;
INSERT INTO `dim_customer` VALUES (70002017,'Atliq Exclusive','Brick & Mortar','Direct','India','India','APAC'),(70002018,'Atliq e Store','E-Commerce','Direct','India','India','APAC'),(70003181,'Atliq Exclusive','Brick & Mortar','Direct','Indonesia','ROA','APAC'),(70003182,'Atliq e Store','E-Commerce','Direct','Indonesia','ROA','APAC'),(70004069,'Atliq Exclusive','Brick & Mortar','Direct','Japan','ROA','APAC'),(70004070,'Atliq e Store','E-Commerce','Direct','Japan','ROA','APAC'),(70005163,'Atliq e Store','E-Commerce','Direct','Pakistan','ROA','APAC'),(70006157,'Atliq Exclusive','Brick & Mortar','Direct','Philiphines','ROA','APAC'),(70006158,'Atliq e Store','E-Commerce','Direct','Philiphines','ROA','APAC'),(70007198,'Atliq Exclusive','Brick & Mortar','Direct','South Korea','ROA','APAC'),(70007199,'Atliq e Store','E-Commerce','Direct','South Korea','ROA','APAC'),(70008169,'Atliq Exclusive','Brick & Mortar','Direct','Australia','ANZ','APAC'),(70008170,'Atliq e Store','E-Commerce','Direct','Australia','ANZ','APAC'),(70009133,'Atliq Exclusive','Brick & Mortar','Direct','Newzealand','ANZ','APAC'),(70009134,'Atliq e Store','E-Commerce','Direct','Newzealand','ANZ','APAC'),(70010047,'Atliq Exclusive','Brick & Mortar','Direct','Bangladesh','ROA','APAC'),(70010048,'Atliq e Store','E-Commerce','Direct','Bangladesh','ROA','APAC'),(70011193,'Atliq Exclusive','Brick & Mortar','Direct','France','SE','EU'),(70011194,'Atliq e Store','E-Commerce','Direct','France','SE','EU'),(70012042,'Atliq Exclusive','Brick & Mortar','Direct','Germany','NE','EU'),(70012043,'Atliq e Store','E-Commerce','Direct','Germany','NE','EU'),(70013125,'Atliq Exclusive','Brick & Mortar','Direct','Italy','SE','EU'),(70013126,'Atliq e Store','E-Commerce','Direct','Italy','SE','EU'),(70014142,'Atliq Exclusive','Brick & Mortar','Direct','Netherlands','NE','EU'),(70014143,'Atliq e Store','E-Commerce','Direct','Netherlands','NE','EU'),(70015151,'Atliq Exclusive','Brick & Mortar','Direct','Norway','NE','EU'),(70015152,'Atliq e Store','E-Commerce','Direct','Norway','NE','EU'),(70016177,'Atliq Exclusive','Brick & Mortar','Direct','Poland','NE','EU'),(70016178,'Atliq e Store','E-Commerce','Direct','Poland','NE','EU'),(70017060,'Atliq e Store','E-Commerce','Direct','Portugal','SE','EU'),(70018115,'Atliq e Store','E-Commerce','Direct','Spain','SE','EU'),(70019204,'Atliq e Store','E-Commerce','Direct','Sweden','NE','EU'),(70020104,'Atliq e Store','E-Commerce','Direct','Austria','NE','EU'),(70021096,'Atliq e Store','E-Commerce','Direct','United Kingdom','NE','EU'),(70022084,'Atliq Exclusive','Brick & Mortar','Direct','USA','NA','NA'),(70022085,'Atliq e Store','E-Commerce','Direct','USA','NA','NA'),(70023031,'Atliq Exclusive','Brick & Mortar','Direct','Canada','NA','NA'),(70023032,'Atliq e Store','E-Commerce','Direct','Canada','NA','NA'),(70026206,'Atliq e Store','E-Commerce','Direct','Mexico','LATAM','LATAM'),(70027208,'Atliq e Store','E-Commerce','Direct','Brazil','LATAM','LATAM'),(80001019,'Neptune','Brick & Mortar','Distributor','China','ROA','APAC'),(80006154,'Synthetic','Brick & Mortar','Distributor','Philiphines','ROA','APAC'),(80006155,'Novus','Brick & Mortar','Distributor','Philiphines','ROA','APAC'),(80007195,'Sage','Brick & Mortar','Distributor','South Korea','ROA','APAC'),(80007196,'Leader','Brick & Mortar','Distributor','South Korea','ROA','APAC'),(90001020,'Zone','Brick & Mortar','Retailer','China','ROA','APAC'),(90001021,'Taobao','E-Commerce','Retailer','China','ROA','APAC'),(90002001,'Reliance Digital','Brick & Mortar','Retailer','India','India','APAC'),(90002002,'Croma','Brick & Mortar','Retailer','India','India','APAC'),(90002003,'Ezone','Brick & Mortar','Retailer','India','India','APAC'),(90002004,'Vijay Sales','Brick & Mortar','Retailer','India','India','APAC'),(90002005,'Lotus','Brick & Mortar','Retailer','India','India','APAC'),(90002006,'Viveks','Brick & Mortar','Retailer','India','India','APAC'),(90002007,'Girias','Brick & Mortar','Retailer','India','India','APAC'),(90002008,'Amazon','E-Commerce','Retailer','India','India','APAC'),(90002009,'Flipkart','E-Commerce','Retailer','India','India','APAC'),(90002010,'Ebay','E-Commerce','Retailer','India','India','APAC'),(90002011,'Atliq Exclusive','Brick & Mortar','Retailer','India','India','APAC'),(90002012,'Electricalsocity','Brick & Mortar','Retailer','India','India','APAC'),(90002013,'Electricalslytical','Brick & Mortar','Retailer','India','India','APAC'),(90002014,'Expression','Brick & Mortar','Retailer','India','India','APAC'),(90002015,'Propel','Brick & Mortar','Retailer','India','India','APAC'),(90002016,'Amazon ','E-Commerce','Retailer','India','India','APAC'),(90003179,'Acclaimed Stores','Brick & Mortar','Retailer','Indonesia','ROA','APAC'),(90003180,'Amazon ','E-Commerce','Retailer','Indonesia','ROA','APAC'),(90004061,'Info Stores','Brick & Mortar','Retailer','Japan','ROA','APAC'),(90004062,'Flawless Stores','Brick & Mortar','Retailer','Japan','ROA','APAC'),(90004063,'Electricalsbea Stores','Brick & Mortar','Retailer','Japan','ROA','APAC'),(90004064,'All-Out','Brick & Mortar','Retailer','Japan','ROA','APAC'),(90004065,'Neptune','Brick & Mortar','Retailer','Japan','ROA','APAC'),(90004066,'Surface Stores','Brick & Mortar','Retailer','Japan','ROA','APAC'),(90004067,'Amazon','E-Commerce','Retailer','Japan','ROA','APAC'),(90004068,'Amazon ','E-Commerce','Retailer','Japan','ROA','APAC'),(90005159,'Expression','Brick & Mortar','Retailer','Pakistan','ROA','APAC'),(90005160,'Nomad Stores','Brick & Mortar','Retailer','Pakistan','ROA','APAC'),(90005161,'Zone','Brick & Mortar','Retailer','Pakistan','ROA','APAC'),(90005162,'Amazon ','E-Commerce','Retailer','Pakistan','ROA','APAC'),(90006153,'Insight','Brick & Mortar','Retailer','Philiphines','ROA','APAC'),(90006156,'Amazon ','E-Commerce','Retailer','Philiphines','ROA','APAC'),(90007197,'Amazon ','E-Commerce','Retailer','South Korea','ROA','APAC'),(90008164,'Digimarket','Brick & Mortar','Retailer','Australia','ANZ','APAC'),(90008165,'Forward Stores','Brick & Mortar','Retailer','Australia','ANZ','APAC'),(90008166,'Sound','Brick & Mortar','Retailer','Australia','ANZ','APAC'),(90008167,'Electricalsocity','Brick & Mortar','Retailer','Australia','ANZ','APAC'),(90008168,'Amazon ','E-Commerce','Retailer','Australia','ANZ','APAC'),(90009127,'Epic Stores','Brick & Mortar','Retailer','Newzealand','ANZ','APAC'),(90009128,'Propel','Brick & Mortar','Retailer','Newzealand','ANZ','APAC'),(90009129,'Leader','Brick & Mortar','Retailer','Newzealand','ANZ','APAC'),(90009130,'Logic Stores','Brick & Mortar','Retailer','Newzealand','ANZ','APAC'),(90009131,'Path','Brick & Mortar','Retailer','Newzealand','ANZ','APAC'),(90009132,'Amazon ','E-Commerce','Retailer','Newzealand','ANZ','APAC'),(90010044,'Surface Stores','Brick & Mortar','Retailer','Bangladesh','ROA','APAC'),(90010045,'Control','Brick & Mortar','Retailer','Bangladesh','ROA','APAC'),(90010046,'Amazon ','E-Commerce','Retailer','Bangladesh','ROA','APAC'),(90011185,'Epic Stores','Brick & Mortar','Retailer','France','SE','EU'),(90011186,'Elite','Brick & Mortar','Retailer','France','SE','EU'),(90011187,'Chip 7','Brick & Mortar','Retailer','France','SE','EU'),(90011188,'Elkjøp','Brick & Mortar','Retailer','France','SE','EU'),(90011189,'UniEuro','Brick & Mortar','Retailer','France','SE','EU'),(90011190,'Media Markt','Brick & Mortar','Retailer','France','SE','EU'),(90011191,'Sorefoz','Brick & Mortar','Retailer','France','SE','EU'),(90011192,'Amazon ','E-Commerce','Retailer','France','SE','EU'),(90012033,'Digimarket','Brick & Mortar','Retailer','Germany','NE','EU'),(90012034,'Otto','Brick & Mortar','Retailer','Germany','NE','EU'),(90012035,'Notebillig','Brick & Mortar','Retailer','Germany','NE','EU'),(90012036,'Billa','Brick & Mortar','Retailer','Germany','NE','EU'),(90012037,'Saturn','Brick & Mortar','Retailer','Germany','NE','EU'),(90012038,'Expert','Brick & Mortar','Retailer','Germany','NE','EU'),(90012039,'Currys (Dixons Carphone)','Brick & Mortar','Retailer','Germany','NE','EU'),(90012040,'Fnac-Darty','Brick & Mortar','Retailer','Germany','NE','EU'),(90012041,'Amazon ','E-Commerce','Retailer','Germany','NE','EU'),(90013116,'Unity Stores','Brick & Mortar','Retailer','Italy','SE','EU'),(90013117,'Euronics','Brick & Mortar','Retailer','Italy','SE','EU'),(90013118,'Fnac-Darty','Brick & Mortar','Retailer','Italy','SE','EU'),(90013119,'Argos (Sainsbury\'s)','Brick & Mortar','Retailer','Italy','SE','EU'),(90013120,'Coolblue','Brick & Mortar','Retailer','Italy','SE','EU'),(90013121,'Boulanger','Brick & Mortar','Retailer','Italy','SE','EU'),(90013122,'Radio Popular','Brick & Mortar','Retailer','Italy','SE','EU'),(90013123,'Expert','Brick & Mortar','Retailer','Italy','SE','EU'),(90013124,'Amazon ','E-Commerce','Retailer','Italy','SE','EU'),(90014135,'Electricalslance Stores','Brick & Mortar','Retailer','Netherlands','NE','EU'),(90014136,'Reliance Digital','Brick & Mortar','Retailer','Netherlands','NE','EU'),(90014137,'Media Markt','Brick & Mortar','Retailer','Netherlands','NE','EU'),(90014138,'Mbit','Brick & Mortar','Retailer','Netherlands','NE','EU'),(90014139,'Elkjøp','Brick & Mortar','Retailer','Netherlands','NE','EU'),(90014140,'Radio Popular','Brick & Mortar','Retailer','Netherlands','NE','EU'),(90014141,'Amazon ','E-Commerce','Retailer','Netherlands','NE','EU'),(90015144,'Sound','Brick & Mortar','Retailer','Norway','NE','EU'),(90015145,'Synthetic','Brick & Mortar','Retailer','Norway','NE','EU'),(90015146,'Mbit','Brick & Mortar','Retailer','Norway','NE','EU'),(90015147,'Chiptec','Brick & Mortar','Retailer','Norway','NE','EU'),(90015148,'Boulanger','Brick & Mortar','Retailer','Norway','NE','EU'),(90015149,'UniEuro','Brick & Mortar','Retailer','Norway','NE','EU'),(90015150,'Amazon ','E-Commerce','Retailer','Norway','NE','EU'),(90016171,'Electricalsara Stores','Brick & Mortar','Retailer','Poland','NE','EU'),(90016172,'Power','Brick & Mortar','Retailer','Poland','NE','EU'),(90016173,'Expert','Brick & Mortar','Retailer','Poland','NE','EU'),(90016174,'Currys (Dixons Carphone)','Brick & Mortar','Retailer','Poland','NE','EU'),(90016175,'Argos (Sainsbury\'s)','Brick & Mortar','Retailer','Poland','NE','EU'),(90016176,'Amazon ','E-Commerce','Retailer','Poland','NE','EU'),(90017049,'Premium Stores','Brick & Mortar','Retailer','Portugal','SE','EU'),(90017050,'Electricalsara Stores','Brick & Mortar','Retailer','Portugal','SE','EU'),(90017051,'Forward Stores','Brick & Mortar','Retailer','Portugal','SE','EU'),(90017052,'Power','Brick & Mortar','Retailer','Portugal','SE','EU'),(90017053,'Info Stores','Brick & Mortar','Retailer','Portugal','SE','EU'),(90017054,'Flawless Stores','Brick & Mortar','Retailer','Portugal','SE','EU'),(90017055,'Electricalslance Stores','Brick & Mortar','Retailer','Portugal','SE','EU'),(90017056,'Sorefoz','Brick & Mortar','Retailer','Portugal','SE','EU'),(90017057,'Euronics','Brick & Mortar','Retailer','Portugal','SE','EU'),(90017058,'Mbit','Brick & Mortar','Retailer','Portugal','SE','EU'),(90017059,'Amazon ','E-Commerce','Retailer','Portugal','SE','EU'),(90018105,'Integration Stores','Brick & Mortar','Retailer','Spain','SE','EU'),(90018106,'Flipkart','E-Commerce','Retailer','Spain','SE','EU'),(90018107,'Elite','Brick & Mortar','Retailer','Spain','SE','EU'),(90018108,'Relief','Brick & Mortar','Retailer','Spain','SE','EU'),(90018109,'Chiptec','Brick & Mortar','Retailer','Spain','SE','EU'),(90018110,'Boulanger','Brick & Mortar','Retailer','Spain','SE','EU'),(90018111,'Media Markt','Brick & Mortar','Retailer','Spain','SE','EU'),(90018112,'Euronics','Brick & Mortar','Retailer','Spain','SE','EU'),(90018113,'Elkjøp','Brick & Mortar','Retailer','Spain','SE','EU'),(90018114,'Amazon ','E-Commerce','Retailer','Spain','SE','EU'),(90019200,'Sorefoz','Brick & Mortar','Retailer','Sweden','NE','EU'),(90019201,'Expert','Brick & Mortar','Retailer','Sweden','NE','EU'),(90019202,'Argos (Sainsbury\'s)','Brick & Mortar','Retailer','Sweden','NE','EU'),(90019203,'Amazon ','E-Commerce','Retailer','Sweden','NE','EU'),(90020097,'Atlas Stores','Brick & Mortar','Retailer','Austria','NE','EU'),(90020098,'Electricalsquipo Stores','Brick & Mortar','Retailer','Austria','NE','EU'),(90020099,'Integration Stores','Brick & Mortar','Retailer','Austria','NE','EU'),(90020100,'Nova','Brick & Mortar','Retailer','Austria','NE','EU'),(90020101,'Euronics','Brick & Mortar','Retailer','Austria','NE','EU'),(90020102,'Fnac-Darty','Brick & Mortar','Retailer','Austria','NE','EU'),(90020103,'Amazon ','E-Commerce','Retailer','Austria','NE','EU'),(90021086,'Electricalsquipo Stores','Brick & Mortar','Retailer','United Kingdom','NE','EU'),(90021087,'Logic Stores','Brick & Mortar','Retailer','United Kingdom','NE','EU'),(90021088,'Electricalslytical','Brick & Mortar','Retailer','United Kingdom','NE','EU'),(90021089,'Atlas Stores','Brick & Mortar','Retailer','United Kingdom','NE','EU'),(90021090,'Radio Popular','Brick & Mortar','Retailer','United Kingdom','NE','EU'),(90021091,'Expert','Brick & Mortar','Retailer','United Kingdom','NE','EU'),(90021092,'UniEuro','Brick & Mortar','Retailer','United Kingdom','NE','EU'),(90021093,'Chip 7','Brick & Mortar','Retailer','United Kingdom','NE','EU'),(90021094,'Coolblue','Brick & Mortar','Retailer','United Kingdom','NE','EU'),(90021095,'Amazon ','E-Commerce','Retailer','United Kingdom','NE','EU'),(90022071,'Acclaimed Stores','Brick & Mortar','Retailer','USA','NA','NA'),(90022072,'Path','Brick & Mortar','Retailer','USA','NA','NA'),(90022073,'Control','Brick & Mortar','Retailer','USA','NA','NA'),(90022074,'Flipkart','E-Commerce','Retailer','USA','NA','NA'),(90022075,'BestBuy','Brick & Mortar','Retailer','USA','NA','NA'),(90022076,'Circuit City','Brick & Mortar','Retailer','USA','NA','NA'),(90022077,'Radio Shack','Brick & Mortar','Retailer','USA','NA','NA'),(90022078,'Costco','Brick & Mortar','Retailer','USA','NA','NA'),(90022079,'walmart','Brick & Mortar','Retailer','USA','NA','NA'),(90022080,'Staples','Brick & Mortar','Retailer','USA','NA','NA'),(90022081,'Amazon','E-Commerce','Retailer','USA','NA','NA'),(90022082,'Amazon ','E-Commerce','Retailer','USA','NA','NA'),(90022083,'Ebay','E-Commerce','Retailer','USA','NA','NA'),(90023022,'Nomad Stores','Brick & Mortar','Retailer','Canada','NA','NA'),(90023023,'Amazon','E-Commerce','Retailer','Canada','NA','NA'),(90023024,'Sage','Brick & Mortar','Retailer','Canada','NA','NA'),(90023025,'Premium Stores','Brick & Mortar','Retailer','Canada','NA','NA'),(90023026,'Relief','Brick & Mortar','Retailer','Canada','NA','NA'),(90023027,'Costco','Brick & Mortar','Retailer','Canada','NA','NA'),(90023028,'walmart','Brick & Mortar','Retailer','Canada','NA','NA'),(90023029,'Staples','Brick & Mortar','Retailer','Canada','NA','NA'),(90023030,'Amazon ','E-Commerce','Retailer','Canada','NA','NA'),(90024183,'Electricalsbea Stores','Brick & Mortar','Retailer','Chile','LATAM','LATAM'),(90024184,'Amazon ','E-Commerce','Retailer','Chile','LATAM','LATAM'),(90025209,'Electricalsbea Stores','Brick & Mortar','Retailer','Columbia','LATAM','LATAM'),(90026205,'Amazon ','E-Commerce','Retailer','Mexico','LATAM','LATAM'),(90027207,'Amazon ','E-Commerce','Retailer','Brazil','LATAM','LATAM');
/*!40000 ALTER TABLE `dim_customer` ENABLE KEYS */;
UNLOCK TABLES;

--
-- Table structure for table `dim_product`
--

DROP TABLE IF EXISTS `dim_product`;
/*!40101 SET @saved_cs_client     = @@character_set_client */;
/*!50503 SET character_set_client = utf8mb4 */;
CREATE TABLE `dim_product` (
  `product_code` varchar(45) CHARACTER SET latin1 NOT NULL,
  `division` varchar(45) CHARACTER SET latin1 NOT NULL,
  `segment` varchar(45) CHARACTER SET latin1 NOT NULL,
  `category` varchar(45) CHARACTER SET latin1 NOT NULL,
  `product` varchar(200) CHARACTER SET latin1 NOT NULL,
  `variant` varchar(45) CHARACTER SET latin1 DEFAULT NULL
) ENGINE=InnoDB DEFAULT CHARSET=utf8mb4 COLLATE=utf8mb4_0900_ai_ci;
/*!40101 SET character_set_client = @saved_cs_client */;

--
-- Dumping data for table `dim_product`
--

LOCK TABLES `dim_product` WRITE;
/*!40000 ALTER TABLE `dim_product` DISABLE KEYS */;
INSERT INTO `dim_product` VALUES ('A0118150101','P & A','Peripherals','Internal HDD','AQ Dracula HDD – 3.5 Inch SATA 6 Gb/s 5400 RPM 256 MB Cache','Standard'),('A0118150102','P & A','Peripherals','Internal HDD','AQ Dracula HDD – 3.5 Inch SATA 6 Gb/s 5400 RPM 256 MB Cache','Plus'),('A0118150103','P & A','Peripherals','Internal HDD','AQ Dracula HDD – 3.5 Inch SATA 6 Gb/s 5400 RPM 256 MB Cache','Premium'),('A0118150104','P & A','Peripherals','Internal HDD','AQ Dracula HDD – 3.5 Inch SATA 6 Gb/s 5400 RPM 256 MB Cache','Premium Plus'),('A0219150201','P & A','Peripherals','Internal HDD','AQ WereWolf NAS Internal Hard Drive HDD – 8.89 cm','Standard'),('A0219150202','P & A','Peripherals','Internal HDD','AQ WereWolf NAS Internal Hard Drive HDD – 8.89 cm','Plus'),('A0220150203','P & A','Peripherals','Internal HDD','AQ WereWolf NAS Internal Hard Drive HDD – 8.89 cm','Premium'),('A0320150301','P & A','Peripherals','Internal HDD','AQ Zion Saga','Standard'),('A0321150302','P & A','Peripherals','Internal HDD','AQ Zion Saga','Plus'),('A0321150303','P & A','Peripherals','Internal HDD','AQ Zion Saga','Premium'),('A0418150101','P & A','Peripherals','Graphic Card','AQ Mforce Gen X','Standard 1'),('A0418150102','P & A','Peripherals','Graphic Card','AQ Mforce Gen X','Standard 2'),('A0418150103','P & A','Peripherals','Graphic Card','AQ Mforce Gen X','Standard 3'),('A0418150104','P & A','Peripherals','Graphic Card','AQ Mforce Gen X','Plus 1'),('A0418150105','P & A','Peripherals','Graphic Card','AQ Mforce Gen X','Plus 2'),('A0418150106','P & A','Peripherals','Graphic Card','AQ Mforce Gen X','Plus 3'),('A0418150107','P & A','Peripherals','Graphic Card','AQ Mforce Gen X','Premium 1'),('A0418150108','P & A','Peripherals','Graphic Card','AQ Mforce Gen X','Premium 2'),('A0519150201','P & A','Peripherals','Graphic Card','AQ Mforce Gen Y','Standard 1'),('A0519150202','P & A','Peripherals','Graphic Card','AQ Mforce Gen Y','Standard 2'),('A0519150203','P & A','Peripherals','Graphic Card','AQ Mforce Gen Y','Standard 3'),('A0519150204','P & A','Peripherals','Graphic Card','AQ Mforce Gen Y','Plus 1'),('A0519150205','P & A','Peripherals','Graphic Card','AQ Mforce Gen Y','Plus 2'),('A0519150206','P & A','Peripherals','Graphic Card','AQ Mforce Gen Y','Plus 3'),('A0519150207','P & A','Peripherals','Graphic Card','AQ Mforce Gen Y','Premium 1'),('A0519150208','P & A','Peripherals','Graphic Card','AQ Mforce Gen Y','Premium 2'),('A0619150301','P & A','Peripherals','Graphic Card','AQ Mforce Gen Z','Standard 1'),('A0619150302','P & A','Peripherals','Graphic Card','AQ Mforce Gen Z','Standard 2'),('A0620150303','P & A','Peripherals','Graphic Card','AQ Mforce Gen Z','Standard 3'),('A0620150304','P & A','Peripherals','Graphic Card','AQ Mforce Gen Z','Plus 1'),('A0620150305','P & A','Peripherals','Graphic Card','AQ Mforce Gen Z','Plus 2'),('A0620150306','P & A','Peripherals','Graphic Card','AQ Mforce Gen Z','Plus 3'),('A0621150307','P & A','Peripherals','Graphic Card','AQ Mforce Gen Z','Premium 1'),('A0621150308','P & A','Peripherals','Graphic Card','AQ Mforce Gen Z','Premium 2'),('A0721150401','P & A','Peripherals','Graphic Card','AQ GT 21','Standard'),('A0721150402','P & A','Peripherals','Graphic Card','AQ GT 21','Plus 1'),('A0721150403','P & A','Peripherals','Graphic Card','AQ GT 21','Plus 2'),('A0721150404','P & A','Peripherals','Graphic Card','AQ GT 21','Premium'),('A0821150501','P & A','Peripherals','Graphic Card','AQ Marquee P3','Standard'),('A0821150502','P & A','Peripherals','Graphic Card','AQ Marquee P3','Plus 1'),('A0821150503','P & A','Peripherals','Graphic Card','AQ Marquee P3','Plus 2'),('A0821150504','P & A','Peripherals','Graphic Card','AQ Marquee P3','Premium'),('A0921150601','P & A','Peripherals','Graphic Card','AQ Marquee P4','Standard'),('A0921150602','P & A','Peripherals','Graphic Card','AQ Marquee P4','Plus 1'),('A0921150603','P & A','Peripherals','Graphic Card','AQ Marquee P4','Plus 2'),('A0921150604','P & A','Peripherals','Graphic Card','AQ Marquee P4','Premium'),('A1018150101','P & A','Peripherals','Processors','AQ 5000 Series Electron 9 5900X Desktop Processor','Standard'),('A1018150102','P & A','Peripherals','Processors','AQ 5000 Series Electron 9 5900X Desktop Processor','Plus'),('A1018150103','P & A','Peripherals','Processors','AQ 5000 Series Electron 9 5900X Desktop Processor','Premium'),('A1118150201','P & A','Peripherals','Processors','AQ 5000 Series Electron 8 5900X Desktop Processor','Standard'),('A1118150202','P & A','Peripherals','Processors','AQ 5000 Series Electron 8 5900X Desktop Processor','Plus'),('A1119150203','P & A','Peripherals','Processors','AQ 5000 Series Electron 8 5900X Desktop Processor','Premium'),('A1219150301','P & A','Peripherals','Processors','AQ 5000 Series Ultron 8 5900X Desktop Processor','Standard'),('A1219150302','P & A','Peripherals','Processors','AQ 5000 Series Ultron 8 5900X Desktop Processor','Plus'),('A1219150303','P & A','Peripherals','Processors','AQ 5000 Series Ultron 8 5900X Desktop Processor','Premium'),('A1319150401','P & A','Peripherals','Processors','AQ Electron 5 3600 Desktop Processor','Standard'),('A1320150402','P & A','Peripherals','Processors','AQ Electron 5 3600 Desktop Processor','Plus'),('A1320150403','P & A','Peripherals','Processors','AQ Electron 5 3600 Desktop Processor','Premium'),('A1420150501','P & A','Peripherals','Processors','AQ Electron 4 3600 Desktop Processor','Standard'),('A1420150502','P & A','Peripherals','Processors','AQ Electron 4 3600 Desktop Processor','Plus'),('A1421150503','P & A','Peripherals','Processors','AQ Electron 4 3600 Desktop Processor','Premium'),('A1521150601','P & A','Peripherals','Processors','AQ Electron 3 3600 Desktop Processor','Standard'),('A1521150602','P & A','Peripherals','Processors','AQ Electron 3 3600 Desktop Processor','Plus'),('A1521150603','P & A','Peripherals','Processors','AQ Electron 3 3600 Desktop Processor','Premium'),('A1618150101','P & A','Peripherals','MotherBoard','AQ MB Elite','Standard'),('A1618150102','P & A','Peripherals','MotherBoard','AQ MB Elite','Plus 1'),('A1618150103','P & A','Peripherals','MotherBoard','AQ MB Elite','Plus 2'),('A1618150104','P & A','Peripherals','MotherBoard','AQ MB Elite','Premium'),('A1718150201','P & A','Peripherals','MotherBoard','AQ MB Crossx','Standard'),('A1718150202','P & A','Peripherals','MotherBoard','AQ MB Crossx','Plus 1'),('A1718150203','P & A','Peripherals','MotherBoard','AQ MB Crossx','Plus 2'),('A1718150204','P & A','Peripherals','MotherBoard','AQ MB Crossx','Premium'),('A1819150301','P & A','Peripherals','MotherBoard','AQ MB Crossx 2','Standard'),('A1819150302','P & A','Peripherals','MotherBoard','AQ MB Crossx 2','Plus 1'),('A1819150303','P & A','Peripherals','MotherBoard','AQ MB Crossx 2','Plus 2'),('A1819150304','P & A','Peripherals','MotherBoard','AQ MB Crossx 2','Premium'),('A1919150401','P & A','Peripherals','MotherBoard','AQ MB Lito','Standard'),('A1919150402','P & A','Peripherals','MotherBoard','AQ MB Lito','Plus 1'),('A1919150403','P & A','Peripherals','MotherBoard','AQ MB Lito','Plus 2'),('A1920150404','P & A','Peripherals','MotherBoard','AQ MB Lito','Premium'),('A2020150501','P & A','Peripherals','MotherBoard','AQ MB Lito 2','Standard'),('A2020150502','P & A','Peripherals','MotherBoard','AQ MB Lito 2','Plus 1'),('A2021150503','P & A','Peripherals','MotherBoard','AQ MB Lito 2','Plus 2'),('A2021150504','P & A','Peripherals','MotherBoard','AQ MB Lito 2','Premium'),('A2118150101','P & A','Accessories','Mouse','AQ Master wired x1 Ms','Standard 1'),('A2118150102','P & A','Accessories','Mouse','AQ Master wired x1 Ms','Standard 2'),('A2118150103','P & A','Accessories','Mouse','AQ Master wired x1 Ms','Plus 1'),('A2118150104','P & A','Accessories','Mouse','AQ Master wired x1 Ms','Plus 2'),('A2118150105','P & A','Accessories','Mouse','AQ Master wired x1 Ms','Premium 1'),('A2118150106','P & A','Accessories','Mouse','AQ Master wired x1 Ms','Premium 2'),('A2218150201','P & A','Accessories','Mouse','AQ Master wireless x1 Ms','Standard 1'),('A2218150202','P & A','Accessories','Mouse','AQ Master wireless x1 Ms','Standard 2'),('A2219150203','P & A','Accessories','Mouse','AQ Master wireless x1 Ms','Plus 1'),('A2219150204','P & A','Accessories','Mouse','AQ Master wireless x1 Ms','Plus 2'),('A2219150205','P & A','Accessories','Mouse','AQ Master wireless x1 Ms','Premium 1'),('A2219150206','P & A','Accessories','Mouse','AQ Master wireless x1 Ms','Premium 2'),('A2319150301','P & A','Accessories','Mouse','AQ Gamers Ms','Standard 1'),('A2319150302','P & A','Accessories','Mouse','AQ Gamers Ms','Standard 2'),('A2319150303','P & A','Accessories','Mouse','AQ Gamers Ms','Plus 1'),('A2319150304','P & A','Accessories','Mouse','AQ Gamers Ms','Plus 2'),('A2319150305','P & A','Accessories','Mouse','AQ Gamers Ms','Premium 1'),('A2319150306','P & A','Accessories','Mouse','AQ Gamers Ms','Premium 2'),('A2419150401','P & A','Accessories','Mouse','AQ Lite Ms','Standard 1'),('A2419150402','P & A','Accessories','Mouse','AQ Lite Ms','Standard 2'),('A2419150403','P & A','Accessories','Mouse','AQ Lite Ms','Plus 1'),('A2419150404','P & A','Accessories','Mouse','AQ Lite Ms','Plus 2'),('A2419150405','P & A','Accessories','Mouse','AQ Lite Ms','Premium 1'),('A2420150406','P & A','Accessories','Mouse','AQ Lite Ms','Premium 2'),('A2520150501','P & A','Accessories','Mouse','AQ Maxima Ms','Standard 1'),('A2520150502','P & A','Accessories','Mouse','AQ Maxima Ms','Standard 2'),('A2520150503','P & A','Accessories','Mouse','AQ Maxima Ms','Plus 1'),('A2520150504','P & A','Accessories','Mouse','AQ Maxima Ms','Plus 2'),('A2520150505','P & A','Accessories','Mouse','AQ Maxima Ms','Premium 1'),('A2520150506','P & A','Accessories','Mouse','AQ Maxima Ms','Premium 2'),('A2620150601','P & A','Accessories','Mouse','AQ Qwerty Ms','Standard 1'),('A2620150602','P & A','Accessories','Mouse','AQ Qwerty Ms','Standard 2'),('A2620150603','P & A','Accessories','Mouse','AQ Qwerty Ms','Plus 1'),('A2620150604','P & A','Accessories','Mouse','AQ Qwerty Ms','Plus 2'),('A2620150605','P & A','Accessories','Mouse','AQ Qwerty Ms','Premium 1'),('A2620150606','P & A','Accessories','Mouse','AQ Qwerty Ms','Premium 2'),('A2720150701','P & A','Accessories','Mouse','AQ Trigger Ms','Standard 1'),('A2721150702','P & A','Accessories','Mouse','AQ Trigger Ms','Standard 2'),('A2721150703','P & A','Accessories','Mouse','AQ Trigger Ms','Plus 1'),('A2721150704','P & A','Accessories','Mouse','AQ Trigger Ms','Plus 2'),('A2721150705','P & A','Accessories','Mouse','AQ Trigger Ms','Premium 1'),('A2721150706','P & A','Accessories','Mouse','AQ Trigger Ms','Premium 2'),('A2821150801','P & A','Accessories','Mouse','AQ Lumina Ms','Standard 1'),('A2821150802','P & A','Accessories','Mouse','AQ Lumina Ms','Standard 2'),('A2821150803','P & A','Accessories','Mouse','AQ Lumina Ms','Plus 1'),('A2821150804','P & A','Accessories','Mouse','AQ Lumina Ms','Plus 2'),('A2821150805','P & A','Accessories','Mouse','AQ Lumina Ms','Premium 1'),('A2821150806','P & A','Accessories','Mouse','AQ Lumina Ms','Premium 2'),('A2918150101','P & A','Accessories','Keyboard','AQ Master wired x1','Standard 1'),('A2918150102','P & A','Accessories','Keyboard','AQ Master wired x1','Standard 2'),('A2918150103','P & A','Accessories','Keyboard','AQ Master wired x1','Plus 1'),('A2918150104','P & A','Accessories','Keyboard','AQ Master wired x1','Plus 2'),('A2918150105','P & A','Accessories','Keyboard','AQ Master wired x1','Premium 1'),('A2918150106','P & A','Accessories','Keyboard','AQ Master wired x1','Premium 2'),('A3018150201','P & A','Accessories','Keyboard','AQ Master wireless x1','Standard 1'),('A3018150202','P & A','Accessories','Keyboard','AQ Master wireless x1','Standard 2'),('A3018150203','P & A','Accessories','Keyboard','AQ Master wireless x1','Plus 1'),('A3019150204','P & A','Accessories','Keyboard','AQ Master wireless x1','Plus 2'),('A3019150205','P & A','Accessories','Keyboard','AQ Master wireless x1','Premium 1'),('A3019150206','P & A','Accessories','Keyboard','AQ Master wireless x1','Premium 2'),('A3119150301','P & A','Accessories','Keyboard','AQ Gamers ','Standard 1'),('A3119150302','P & A','Accessories','Keyboard','AQ Gamers ','Standard 2'),('A3119150303','P & A','Accessories','Keyboard','AQ Gamers ','Plus 1'),('A3120150304','P & A','Accessories','Keyboard','AQ Gamers ','Plus 2'),('A3120150305','P & A','Accessories','Keyboard','AQ Gamers ','Premium 1'),('A3120150306','P & A','Accessories','Keyboard','AQ Gamers ','Premium 2'),('A3220150401','P & A','Accessories','Keyboard','AQ Lite','Standard 1'),('A3220150402','P & A','Accessories','Keyboard','AQ Lite','Standard 2'),('A3220150403','P & A','Accessories','Keyboard','AQ Lite','Plus 1'),('A3220150404','P & A','Accessories','Keyboard','AQ Lite','Plus 2'),('A3220150405','P & A','Accessories','Keyboard','AQ Lite','Premium 1'),('A3220150406','P & A','Accessories','Keyboard','AQ Lite','Premium 2'),('A3320150501','P & A','Accessories','Keyboard','AQ Maxima','Standard 1'),('A3320150502','P & A','Accessories','Keyboard','AQ Maxima','Standard 2'),('A3320150503','P & A','Accessories','Keyboard','AQ Maxima','Plus 1'),('A3320150504','P & A','Accessories','Keyboard','AQ Maxima','Plus 2'),('A3320150505','P & A','Accessories','Keyboard','AQ Maxima','Premium 1'),('A3320150506','P & A','Accessories','Keyboard','AQ Maxima','Premium 2'),('A3420150601','P & A','Accessories','Keyboard','AQ Qwerty','Standard 1'),('A3420150602','P & A','Accessories','Keyboard','AQ Qwerty','Standard 2'),('A3421150603','P & A','Accessories','Keyboard','AQ Qwerty','Plus 1'),('A3421150604','P & A','Accessories','Keyboard','AQ Qwerty','Plus 2'),('A3421150605','P & A','Accessories','Keyboard','AQ Qwerty','Premium 1'),('A3421150606','P & A','Accessories','Keyboard','AQ Qwerty','Premium 2'),('A3521150701','P & A','Accessories','Keyboard','AQ Trigger','Standard 1'),('A3521150702','P & A','Accessories','Keyboard','AQ Trigger','Standard 2'),('A3521150703','P & A','Accessories','Keyboard','AQ Trigger','Plus 1'),('A3521150704','P & A','Accessories','Keyboard','AQ Trigger','Plus 2'),('A3521150705','P & A','Accessories','Keyboard','AQ Trigger','Premium 1'),('A3521150706','P & A','Accessories','Keyboard','AQ Trigger','Premium 2'),('A3621150801','P & A','Accessories','Keyboard','AQ Lumina','Standard 1'),('A3621150802','P & A','Accessories','Keyboard','AQ Lumina','Standard 2'),('A3621150803','P & A','Accessories','Keyboard','AQ Lumina','Plus 1'),('A3621150804','P & A','Accessories','Keyboard','AQ Lumina','Plus 2'),('A3621150805','P & A','Accessories','Keyboard','AQ Lumina','Premium 1'),('A3621150806','P & A','Accessories','Keyboard','AQ Lumina','Premium 2'),('A3718150101','P & A','Accessories','Batteries','AQ LION x1','Standard'),('A3718150102','P & A','Accessories','Batteries','AQ LION x1','Plus 1 '),('A3718150103','P & A','Accessories','Batteries','AQ LION x1','Plus 2'),('A3718150104','P & A','Accessories','Batteries','AQ LION x1','Plus 3'),('A3718150105','P & A','Accessories','Batteries','AQ LION x1','Premium'),('A3818150201','P & A','Accessories','Batteries','AQ LION x2','Standard'),('A3818150202','P & A','Accessories','Batteries','AQ LION x2','Plus 1 '),('A3819150203','P & A','Accessories','Batteries','AQ LION x2','Plus 2'),('A3819150204','P & A','Accessories','Batteries','AQ LION x2','Plus 3'),('A3819150205','P & A','Accessories','Batteries','AQ LION x2','Premium'),('A3920150301','P & A','Accessories','Batteries','AQ LION x3','Standard'),('A3920150302','P & A','Accessories','Batteries','AQ LION x3','Plus 1 '),('A3920150303','P & A','Accessories','Batteries','AQ LION x3','Plus 2'),('A3920150304','P & A','Accessories','Batteries','AQ LION x3','Plus 3'),('A3920150305','P & A','Accessories','Batteries','AQ LION x3','Premium'),('A4020150401','P & A','Accessories','Batteries','AQ Mx NB','Standard'),('A4020150402','P & A','Accessories','Batteries','AQ Mx NB','Plus 1 '),('A4021150403','P & A','Accessories','Batteries','AQ Mx NB','Plus 2'),('A4021150404','P & A','Accessories','Batteries','AQ Mx NB','Plus 3'),('A4021150405','P & A','Accessories','Batteries','AQ Mx NB','Premium'),('A4118110101','PC','Notebook','Personal Laptop','AQ Aspiron','Standard Grey'),('A4118110102','PC','Notebook','Personal Laptop','AQ Aspiron','Standard Blue'),('A4118110103','PC','Notebook','Personal Laptop','AQ Aspiron','Standard Red'),('A4118110104','PC','Notebook','Personal Laptop','AQ Aspiron','Plus Grey'),('A4118110105','PC','Notebook','Personal Laptop','AQ Aspiron','Plus Blue'),('A4118110106','PC','Notebook','Personal Laptop','AQ Aspiron','Plus Red'),('A4118110107','PC','Notebook','Personal Laptop','AQ Aspiron','Premium Black'),('A4218110201','PC','Notebook','Personal Laptop','AQ Digit','Standard Grey'),('A4218110202','PC','Notebook','Personal Laptop','AQ Digit','Standard Blue'),('A4218110203','PC','Notebook','Personal Laptop','AQ Digit','Standard Red'),('A4218110204','PC','Notebook','Personal Laptop','AQ Digit','Plus Grey'),('A4218110205','PC','Notebook','Personal Laptop','AQ Digit','Plus Blue'),('A4218110206','PC','Notebook','Personal Laptop','AQ Digit','Plus Red'),('A4218110207','PC','Notebook','Personal Laptop','AQ Digit','Premium Black'),('A4218110208','PC','Notebook','Personal Laptop','AQ Digit','Premium Misty Green'),('A4318110301','PC','Notebook','Personal Laptop','AQ Velocity','Standard Grey'),('A4319110302','PC','Notebook','Personal Laptop','AQ Velocity','Standard Blue'),('A4319110303','PC','Notebook','Personal Laptop','AQ Velocity','Standard Red'),('A4319110304','PC','Notebook','Personal Laptop','AQ Velocity','Plus Grey'),('A4319110305','PC','Notebook','Personal Laptop','AQ Velocity','Plus Blue'),('A4319110306','PC','Notebook','Personal Laptop','AQ Velocity','Plus Red'),('A4419110401','PC','Notebook','Personal Laptop','AQ Elite','Standard Grey'),('A4419110402','PC','Notebook','Personal Laptop','AQ Elite','Standard Blue'),('A4419110403','PC','Notebook','Personal Laptop','AQ Elite','Standard Red'),('A4419110404','PC','Notebook','Personal Laptop','AQ Elite','Plus Grey'),('A4419110405','PC','Notebook','Personal Laptop','AQ Elite','Plus Blue'),('A4419110406','PC','Notebook','Personal Laptop','AQ Elite','Plus Red'),('A4419110407','PC','Notebook','Personal Laptop','AQ Elite','Premium Black'),('A4419110408','PC','Notebook','Personal Laptop','AQ Elite','Premium Misty Green'),('A4519110501','PC','Notebook','Personal Laptop','AQ Gen X','Standard Grey'),('A4519110502','PC','Notebook','Personal Laptop','AQ Gen X','Standard Blue'),('A4519110503','PC','Notebook','Personal Laptop','AQ Gen X','Standard Red'),('A4520110504','PC','Notebook','Personal Laptop','AQ Gen X','Plus Grey'),('A4520110505','PC','Notebook','Personal Laptop','AQ Gen X','Plus Blue'),('A4520110506','PC','Notebook','Personal Laptop','AQ Gen X','Plus Red'),('A4520110507','PC','Notebook','Personal Laptop','AQ Gen X','Premium Black'),('A4520110508','PC','Notebook','Personal Laptop','AQ Gen X','Premium Misty Green'),('A4620110601','PC','Notebook','Personal Laptop','AQ Gen Y','Standard Grey'),('A4620110602','PC','Notebook','Personal Laptop','AQ Gen Y','Standard Blue'),('A4620110603','PC','Notebook','Personal Laptop','AQ Gen Y','Standard Red'),('A4620110604','PC','Notebook','Personal Laptop','AQ Gen Y','Plus Grey'),('A4620110605','PC','Notebook','Personal Laptop','AQ Gen Y','Plus Blue'),('A4620110606','PC','Notebook','Personal Laptop','AQ Gen Y','Plus Red'),('A4620110607','PC','Notebook','Personal Laptop','AQ Gen Y','Premium Black'),('A4620110608','PC','Notebook','Personal Laptop','AQ Gen Y','Premium Misty Green'),('A4720110701','PC','Notebook','Personal Laptop','AQ GEN Z','Standard Grey'),('A4720110702','PC','Notebook','Personal Laptop','AQ GEN Z','Standard Blue'),('A4721110703','PC','Notebook','Personal Laptop','AQ GEN Z','Standard Red'),('A4721110704','PC','Notebook','Personal Laptop','AQ GEN Z','Plus Grey'),('A4721110705','PC','Notebook','Personal Laptop','AQ GEN Z','Plus Blue'),('A4721110706','PC','Notebook','Personal Laptop','AQ GEN Z','Plus Red'),('A4721110707','PC','Notebook','Personal Laptop','AQ GEN Z','Premium Black'),('A4721110708','PC','Notebook','Personal Laptop','AQ GEN Z','Premium Misty Green'),('A4821110801','PC','Notebook','Personal Laptop','AQ F16','Standard Grey'),('A4821110802','PC','Notebook','Personal Laptop','AQ F16','Standard Blue'),('A4821110803','PC','Notebook','Personal Laptop','AQ F16','Standard Red'),('A4821110804','PC','Notebook','Personal Laptop','AQ F16','Plus Grey'),('A4821110805','PC','Notebook','Personal Laptop','AQ F16','Plus Blue'),('A4821110806','PC','Notebook','Personal Laptop','AQ F16','Plus Red'),('A4821110807','PC','Notebook','Personal Laptop','AQ F16','Premium Black'),('A4821110808','PC','Notebook','Personal Laptop','AQ F16','Premium Misty Green'),('A4918110101','PC','Notebook','Business Laptop','AQ BZ 101','Standard Grey'),('A4918110102','PC','Notebook','Business Laptop','AQ BZ 101','Standard Blue'),('A4918110103','PC','Notebook','Business Laptop','AQ BZ 101','Premium Black'),('A4918110104','PC','Notebook','Business Laptop','AQ BZ 101','Premium Misty Green'),('A5018110201','PC','Notebook','Business Laptop','AQ BZ Compact','Standard Grey'),('A5018110202','PC','Notebook','Business Laptop','AQ BZ Compact','Standard Blue'),('A5018110203','PC','Notebook','Business Laptop','AQ BZ Compact','Standard Red'),('A5018110204','PC','Notebook','Business Laptop','AQ BZ Compact','Plus Grey'),('A5018110205','PC','Notebook','Business Laptop','AQ BZ Compact','Plus Blue'),('A5018110206','PC','Notebook','Business Laptop','AQ BZ Compact','Plus Red'),('A5018110207','PC','Notebook','Business Laptop','AQ BZ Compact','Premium Black'),('A5019110208','PC','Notebook','Business Laptop','AQ BZ Compact','Premium Misty Green'),('A5119110301','PC','Notebook','Business Laptop','AQ BZ Gen Y','Standard Grey'),('A5119110302','PC','Notebook','Business Laptop','AQ BZ Gen Y','Standard Blue'),('A5119110303','PC','Notebook','Business Laptop','AQ BZ Gen Y','Standard Red'),('A5119110304','PC','Notebook','Business Laptop','AQ BZ Gen Y','Plus Grey'),('A5119110305','PC','Notebook','Business Laptop','AQ BZ Gen Y','Plus Blue'),('A5119110306','PC','Notebook','Business Laptop','AQ BZ Gen Y','Plus Red'),('A5119110307','PC','Notebook','Business Laptop','AQ BZ Gen Y','Premium Black'),('A5119110308','PC','Notebook','Business Laptop','AQ BZ Gen Y','Premium Misty Green'),('A5219110401','PC','Notebook','Business Laptop','AQ BZ Gen Z','Standard Grey'),('A5219110402','PC','Notebook','Business Laptop','AQ BZ Gen Z','Standard Blue'),('A5219110403','PC','Notebook','Business Laptop','AQ BZ Gen Z','Standard Red'),('A5219110404','PC','Notebook','Business Laptop','AQ BZ Gen Z','Plus Grey'),('A5219110405','PC','Notebook','Business Laptop','AQ BZ Gen Z','Plus Blue'),('A5219110406','PC','Notebook','Business Laptop','AQ BZ Gen Z','Plus Red'),('A5219110407','PC','Notebook','Business Laptop','AQ BZ Gen Z','Premium Black'),('A5220110408','PC','Notebook','Business Laptop','AQ BZ Gen Z','Premium Misty Green'),('A5318110101','PC','Notebook','Gaming Laptop','AQ Gamer 1','Standard Firey Red'),('A5318110102','PC','Notebook','Gaming Laptop','AQ Gamer 1','Standard Cool Blue'),('A5318110103','PC','Notebook','Gaming Laptop','AQ Gamer 1','Standard Black'),('A5318110104','PC','Notebook','Gaming Laptop','AQ Gamer 1','Plus Firey Red'),('A5318110105','PC','Notebook','Gaming Laptop','AQ Gamer 1','Plus Cool Blue'),('A5318110106','PC','Notebook','Gaming Laptop','AQ Gamer 1','Plus Black'),('A5318110107','PC','Notebook','Gaming Laptop','AQ Gamer 1','Premium Black'),('A5318110108','PC','Notebook','Gaming Laptop','AQ Gamer 1','Premium Misty Green'),('A5419110201','PC','Notebook','Gaming Laptop','AQ Gamer 2','Standard Firey Red'),('A5419110202','PC','Notebook','Gaming Laptop','AQ Gamer 2','Standard Cool Blue'),('A5419110203','PC','Notebook','Gaming Laptop','AQ Gamer 2','Standard Black'),('A5419110204','PC','Notebook','Gaming Laptop','AQ Gamer 2','Plus Firey Red'),('A5419110205','PC','Notebook','Gaming Laptop','AQ Gamer 2','Plus Cool Blue'),('A5419110206','PC','Notebook','Gaming Laptop','AQ Gamer 2','Plus Black'),('A5419110207','PC','Notebook','Gaming Laptop','AQ Gamer 2','Premium Black'),('A5419110208','PC','Notebook','Gaming Laptop','AQ Gamer 2','Premium Misty Green'),('A5519110301','PC','Notebook','Gaming Laptop','AQ Gamer 3','Standard Firey Red'),('A5519110302','PC','Notebook','Gaming Laptop','AQ Gamer 3','Standard Cool Blue'),('A5519110303','PC','Notebook','Gaming Laptop','AQ Gamer 3','Standard Black'),('A5519110304','PC','Notebook','Gaming Laptop','AQ Gamer 3','Plus Firey Red'),('A5520110305','PC','Notebook','Gaming Laptop','AQ Gamer 3','Plus Cool Blue'),('A5520110306','PC','Notebook','Gaming Laptop','AQ Gamer 3','Plus Black'),('A5520110307','PC','Notebook','Gaming Laptop','AQ Gamer 3','Premium Black'),('A5520110308','PC','Notebook','Gaming Laptop','AQ Gamer 3','Premium Misty Green'),('A5620110401','PC','Notebook','Gaming Laptop','AQ Smash 1','Standard Firey Red'),('A5620110402','PC','Notebook','Gaming Laptop','AQ Smash 1','Standard Cool Blue'),('A5621110403','PC','Notebook','Gaming Laptop','AQ Smash 1','Standard Black'),('A5621110404','PC','Notebook','Gaming Laptop','AQ Smash 1','Plus Firey Red'),('A5621110405','PC','Notebook','Gaming Laptop','AQ Smash 1','Plus Cool Blue'),('A5621110406','PC','Notebook','Gaming Laptop','AQ Smash 1','Plus Black'),('A5621110407','PC','Notebook','Gaming Laptop','AQ Smash 1','Premium Black'),('A5621110408','PC','Notebook','Gaming Laptop','AQ Smash 1','Premium Misty Green'),('A5721110501','PC','Notebook','Gaming Laptop','AQ Smash 2','Standard Firey Red'),('A5721110502','PC','Notebook','Gaming Laptop','AQ Smash 2','Standard Cool Blue'),('A5721110503','PC','Notebook','Gaming Laptop','AQ Smash 2','Standard Black'),('A5721110504','PC','Notebook','Gaming Laptop','AQ Smash 2','Plus Firey Red'),('A5721110505','PC','Notebook','Gaming Laptop','AQ Smash 2','Plus Cool Blue'),('A5721110506','PC','Notebook','Gaming Laptop','AQ Smash 2','Plus Black'),('A5721110507','PC','Notebook','Gaming Laptop','AQ Smash 2','Premium Black'),('A5721110508','PC','Notebook','Gaming Laptop','AQ Smash 2','Premium Misty Green'),('A5820110101','PC','Desktop','Business Laptop','AQ BZ Allin1','Standard 1'),('A5820110102','PC','Desktop','Business Laptop','AQ BZ Allin1','Standard 2'),('A5820110103','PC','Desktop','Business Laptop','AQ BZ Allin1','Standard 3'),('A5820110104','PC','Desktop','Business Laptop','AQ BZ Allin1','Plus 1'),('A5820110105','PC','Desktop','Business Laptop','AQ BZ Allin1','Plus 2'),('A5820110106','PC','Desktop','Business Laptop','AQ BZ Allin1','Plus 3'),('A5820110107','PC','Desktop','Business Laptop','AQ BZ Allin1','Premium 1'),('A5821110108','PC','Desktop','Business Laptop','AQ BZ Allin1','Premium 2'),('A5921110201','PC','Desktop','Business Laptop','AQ BZ Allin1 Gen 2','Standard 1'),('A5921110202','PC','Desktop','Business Laptop','AQ BZ Allin1 Gen 2','Standard 2'),('A5921110203','PC','Desktop','Business Laptop','AQ BZ Allin1 Gen 2','Standard 3'),('A5921110204','PC','Desktop','Business Laptop','AQ BZ Allin1 Gen 2','Plus 1'),('A5921110205','PC','Desktop','Business Laptop','AQ BZ Allin1 Gen 2','Plus 2'),('A5921110206','PC','Desktop','Business Laptop','AQ BZ Allin1 Gen 2','Plus 3'),('A5921110207','PC','Desktop','Business Laptop','AQ BZ Allin1 Gen 2','Premium 1'),('A5921110208','PC','Desktop','Business Laptop','AQ BZ Allin1 Gen 2','Premium 2'),('A6018110101','PC','Desktop','Personal Desktop','AQ Home Allin1','Standard 1'),('A6018110102','PC','Desktop','Personal Desktop','AQ Home Allin1','Standard 2'),('A6018110103','PC','Desktop','Personal Desktop','AQ Home Allin1','Standard 3'),('A6018110104','PC','Desktop','Personal Desktop','AQ Home Allin1','Plus 1'),('A6018110105','PC','Desktop','Personal Desktop','AQ Home Allin1','Plus 2'),('A6018110106','PC','Desktop','Personal Desktop','AQ Home Allin1','Plus 3'),('A6019110107','PC','Desktop','Personal Desktop','AQ Home Allin1','Premium 1'),('A6019110108','PC','Desktop','Personal Desktop','AQ Home Allin1','Premium 2'),('A6119110201','PC','Desktop','Personal Desktop','AQ HOME Allin1 Gen 2','Standard 1'),('A6119110202','PC','Desktop','Personal Desktop','AQ HOME Allin1 Gen 2','Standard 2'),('A6119110203','PC','Desktop','Personal Desktop','AQ HOME Allin1 Gen 2','Standard 3'),('A6119110204','PC','Desktop','Personal Desktop','AQ HOME Allin1 Gen 2','Plus 1'),('A6120110205','PC','Desktop','Personal Desktop','AQ HOME Allin1 Gen 2','Plus 2'),('A6120110206','PC','Desktop','Personal Desktop','AQ HOME Allin1 Gen 2','Plus 3'),('A6120110207','PC','Desktop','Personal Desktop','AQ HOME Allin1 Gen 2','Premium 1'),('A6121110208','PC','Desktop','Personal Desktop','AQ HOME Allin1 Gen 2','Premium 2'),('A6218160101','N & S','Storage','External Solid State Drives','AQ Digit SSD','Standard'),('A6218160102','N & S','Storage','External Solid State Drives','AQ Digit SSD','Plus'),('A6219160103','N & S','Storage','External Solid State Drives','AQ Digit SSD','Premium'),('A6319160201','N & S','Storage','External Solid State Drives','AQ Neuer SSD','Standard'),('A6319160202','N & S','Storage','External Solid State Drives','AQ Neuer SSD','Plus'),('A6319160203','N & S','Storage','External Solid State Drives','AQ Neuer SSD','Premium'),('A6419160301','N & S','Storage','External Solid State Drives','AQ Clx1','Standard'),('A6419160302','N & S','Storage','External Solid State Drives','AQ Clx1','Plus'),('A6419160303','N & S','Storage','External Solid State Drives','AQ Clx1','Premium'),('A6519160401','N & S','Storage','External Solid State Drives','AQ Clx2','Standard'),('A6520160402','N & S','Storage','External Solid State Drives','AQ Clx2','Plus'),('A6520160403','N & S','Storage','External Solid State Drives','AQ Clx2','Premium'),('A6620160501','N & S','Storage','External Solid State Drives','AQ Clx3','Standard'),('A6620160502','N & S','Storage','External Solid State Drives','AQ Clx3','Plus'),('A6621160503','N & S','Storage','External Solid State Drives','AQ Clx3','Premium'),('A6718160102','N & S','Storage','USB Flash Drives','AQ Pen Drive 2 IN 1','Plus'),('A6719160101','N & S','Storage','USB Flash Drives','AQ Pen Drive 2 IN 1','Standard'),('A6720160103','N & S','Storage','USB Flash Drives','AQ Pen Drive 2 IN 1','Premium'),('A6818160201','N & S','Storage','USB Flash Drives','AQ Pen Drive DRC','Standard'),('A6818160202','N & S','Storage','USB Flash Drives','AQ Pen Drive DRC','Plus'),('A6819160203','N & S','Storage','USB Flash Drives','AQ Pen Drive DRC','Premium'),('A6918160303','N & S','Storage','USB Flash Drives','AQ Ultra Dual 2.0','Premium'),('A6919160302','N & S','Storage','USB Flash Drives','AQ Ultra Dual 2.0','Plus'),('A6921160301','N & S','Storage','USB Flash Drives','AQ Ultra Dual 2.0','Standard'),('A7018160402','N & S','Storage','USB Flash Drives','AQ Ultra Dual 3.0','Plus'),('A7019160401','N & S','Storage','USB Flash Drives','AQ Ultra Dual 3.0','Standard'),('A7020160403','N & S','Storage','USB Flash Drives','AQ Ultra Dual 3.0','Premium'),('A7118160101','N & S','Networking','Wi fi extender','AQ Wi Power Dx1','Standard'),('A7119160102','N & S','Networking','Wi fi extender','AQ Wi Power Dx1','Plus'),('A7119160103','N & S','Networking','Wi fi extender','AQ Wi Power Dx1','Premium'),('A7219160201','N & S','Networking','Wi fi extender','AQ Wi Power Dx2','Standard'),('A7220160202','N & S','Networking','Wi fi extender','AQ Wi Power Dx2','Plus'),('A7220160203','N & S','Networking','Wi fi extender','AQ Wi Power Dx2','Premium'),('A7321160301','N & S','Networking','Wi fi extender','AQ Wi Power Dx3','Standard'),('A7321160302','N & S','Networking','Wi fi extender','AQ Wi Power Dx3','Plus'),('A7321160303','N & S','Networking','Wi fi extender','AQ Wi Power Dx3','Premium');
/*!40000 ALTER TABLE `dim_product` ENABLE KEYS */;
UNLOCK TABLES;

--
-- Table structure for table `fact_gross_price`
--

DROP TABLE IF EXISTS `fact_gross_price`;
/*!40101 SET @saved_cs_client     = @@character_set_client */;
/*!50503 SET character_set_client = utf8mb4 */;
CREATE TABLE `fact_gross_price` (
  `product_code` varchar(45) CHARACTER SET latin1 NOT NULL,
  `fiscal_year` year NOT NULL,
  `gross_price` decimal(15,4) unsigned NOT NULL
) ENGINE=InnoDB DEFAULT CHARSET=utf8mb4 COLLATE=utf8mb4_0900_ai_ci;
/*!40101 SET character_set_client = @saved_cs_client */;

--
-- Dumping data for table `fact_gross_price`
--

LOCK TABLES `fact_gross_price` WRITE;
/*!40000 ALTER TABLE `fact_gross_price` DISABLE KEYS */;
INSERT INTO `fact_gross_price` VALUES ('A0118150101',2020,16.2323),('A0118150101',2021,19.0573),('A0118150102',2020,19.8577),('A0118150102',2021,21.4565),('A0118150103',2020,22.1317),('A0118150103',2021,21.7795),('A0118150104',2020,20.7734),('A0118150104',2021,22.9729),('A0219150201',2020,22.2298),('A0219150201',2021,23.6987),('A0219150202',2020,24.1562),('A0219150202',2021,24.7312),('A0220150203',2020,23.9193),('A0220150203',2021,23.6154),('A0320150301',2020,22.2856),('A0320150301',2021,23.7223),('A0321150302',2021,27.1027),('A0321150303',2021,28.0059),('A0418150101',2020,17.4708),('A0418150102',2020,17.0422),('A0418150103',2020,17.4436),('A0418150103',2021,19.5235),('A0418150104',2020,19.0484),('A0418150104',2021,19.9239),('A0418150105',2020,18.5592),('A0418150105',2021,20.0766),('A0418150106',2020,17.7022),('A0418150106',2021,19.9365),('A0418150107',2020,20.8163),('A0418150108',2020,19.1964),('A0519150201',2020,21.9777),('A0519150201',2021,22.3984),('A0519150202',2020,24.1658),('A0519150202',2021,24.9298),('A0519150203',2020,24.3127),('A0519150203',2021,26.5871),('A0519150204',2020,24.7823),('A0519150204',2021,26.1081),('A0519150205',2020,27.2201),('A0519150205',2021,29.7008),('A0519150206',2020,26.4794),('A0519150206',2021,31.2439),('A0519150207',2020,27.4563),('A0519150207',2021,32.4427),('A0519150208',2020,29.7525),('A0519150208',2021,30.5816),('A0619150301',2020,29.3716),('A0619150301',2021,30.4696),('A0619150302',2020,31.6222),('A0619150302',2021,34.0973),('A0620150303',2020,33.5635),('A0620150303',2021,34.2412),('A0620150304',2020,33.2821),('A0620150304',2021,37.5826),('A0620150305',2020,33.4988),('A0620150305',2021,36.5679),('A0620150306',2020,35.1332),('A0620150306',2021,37.5278),('A0621150307',2020,36.2515),('A0621150307',2021,36.2434),('A0621150308',2020,38.0905),('A0621150308',2021,39.3990),('A0721150401',2020,36.3186),('A0721150401',2021,39.3377),('A0721150402',2020,38.6769),('A0721150402',2021,39.1465),('A0721150403',2021,39.2990),('A0721150404',2021,39.1215),('A0821150501',2021,40.5013),('A0821150502',2021,43.2966),('A0821150503',2021,42.3841),('A0821150504',2021,44.7044),('A0921150601',2021,45.0813),('A1018150101',2020,106.0210),('A1018150101',2021,111.1036),('A1018150102',2020,117.1501),('A1018150102',2021,123.4797),('A1018150103',2020,116.0312),('A1018150103',2021,123.9315),('A1118150201',2020,121.9321),('A1118150201',2021,124.2640),('A1118150202',2020,129.9138),('A1118150202',2021,129.5836),('A1119150203',2020,121.8916),('A1119150203',2021,139.8962),('A1219150301',2020,129.2191),('A1219150301',2021,135.6822),('A1219150302',2020,137.8678),('A1219150302',2021,145.1474),('A1219150303',2020,141.0602),('A1219150303',2021,142.9402),('A1319150401',2020,145.2439),('A1319150401',2021,149.1034),('A1320150402',2020,156.5957),('A1320150402',2021,150.2450),('A1320150403',2020,145.2111),('A1320150403',2021,160.6912),('A1420150501',2020,145.5416),('A1420150501',2021,160.5082),('A1420150502',2021,169.4999),('A1421150503',2021,176.4389),('A1521150601',2021,186.2917),('A1521150602',2021,185.4599),('A1618150101',2020,18.5376),('A1618150101',2021,19.6485),('A1618150102',2020,17.8567),('A1618150102',2021,20.4629),('A1618150103',2020,19.9124),('A1618150103',2021,21.2017),('A1618150104',2020,22.8704),('A1618150104',2021,21.4489),('A1718150201',2020,22.1241),('A1718150201',2021,21.8879),('A1718150202',2020,23.2801),('A1718150202',2021,22.8957),('A1718150203',2020,24.4640),('A1718150203',2021,27.3445),('A1718150204',2020,28.0623),('A1718150204',2021,28.3991),('A1819150301',2020,28.0857),('A1819150301',2021,28.8615),('A1819150302',2020,29.5991),('A1819150302',2021,31.9525),('A1819150303',2020,30.7387),('A1819150303',2021,32.1924),('A1819150304',2020,30.7681),('A1819150304',2021,32.2612),('A1919150401',2021,33.7609),('A1919150402',2021,35.0256),('A1919150403',2021,35.8350),('A1920150404',2021,38.9780),('A2020150501',2021,41.3696),('A2020150502',2021,39.3932),('A2021150503',2021,45.4377),('A2118150101',2020,2.9168),('A2118150101',2021,2.9434),('A2118150102',2020,3.5117),('A2118150102',2021,3.9998),('A2118150103',2020,4.3084),('A2118150103',2021,4.5295),('A2118150104',2020,4.6297),('A2118150104',2021,5.0459),('A2118150105',2020,4.8381),('A2118150105',2021,4.6904),('A2118150106',2020,5.2675),('A2118150106',2021,5.2542),('A2218150201',2020,5.2821),('A2218150201',2021,5.4383),('A2218150202',2020,5.8735),('A2218150202',2021,6.4054),('A2219150203',2020,6.8560),('A2219150203',2021,6.7301),('A2219150204',2020,7.4345),('A2219150204',2021,7.3526),('A2219150205',2020,6.8929),('A2219150205',2021,7.9813),('A2219150206',2020,8.1310),('A2219150206',2021,8.3193),('A2319150301',2020,8.6406),('A2319150301',2021,8.8044),('A2319150302',2020,7.9085),('A2319150302',2021,8.9901),('A2319150303',2020,9.1892),('A2319150303',2021,9.3977),('A2319150304',2020,10.0752),('A2319150304',2021,10.4573),('A2319150305',2020,9.7363),('A2319150305',2021,10.4370),('A2319150306',2020,10.4922),('A2319150306',2021,10.8659),('A2419150401',2020,10.0514),('A2419150401',2021,11.4829),('A2419150402',2020,10.4117),('A2419150402',2021,11.2819),('A2419150403',2020,10.6763),('A2419150403',2021,10.8925),('A2419150404',2020,11.2117),('A2419150404',2021,11.6332),('A2419150405',2020,11.9431),('A2419150405',2021,12.7423),('A2420150406',2020,11.4307),('A2420150406',2021,12.2979),('A2520150501',2021,12.0689),('A2520150502',2021,14.5267),('A2520150503',2021,14.1682),('A2520150504',2021,14.2800),('A2520150505',2021,15.1762),('A2520150506',2021,14.5677),('A2620150601',2021,14.9013),('A2620150602',2021,15.8102),('A2620150603',2021,15.9792),('A2620150604',2021,16.5491),('A2620150605',2021,16.5882),('A2620150606',2021,16.7850),('A2720150701',2021,17.0917),('A2721150702',2021,17.2368),('A2721150703',2021,16.9353),('A2721150704',2021,19.5860),('A2721150705',2021,19.4042),('A2721150706',2021,20.0537),('A2821150801',2021,21.7118),('A2918150101',2020,6.6247),('A2918150101',2021,6.8991),('A2918150102',2020,7.7183),('A2918150102',2021,7.5979),('A2918150103',2020,7.4447),('A2918150103',2021,7.7693),('A2918150104',2020,9.2172),('A2918150104',2021,8.9514),('A2918150105',2020,9.0206),('A2918150105',2021,9.4650),('A2918150106',2020,9.7651),('A2918150106',2021,10.4188),('A3018150201',2020,10.1318),('A3018150201',2021,10.7955),('A3018150202',2020,10.7548),('A3018150202',2021,11.0524),('A3018150203',2020,11.4191),('A3018150203',2021,12.3739),('A3019150204',2020,10.5568),('A3019150204',2021,11.6011),('A3019150205',2020,11.4364),('A3019150205',2021,12.0509),('A3019150206',2020,12.8819),('A3019150206',2021,13.0018),('A3119150301',2020,12.9355),('A3119150301',2021,13.5061),('A3119150302',2020,14.0538),('A3119150302',2021,15.3071),('A3119150303',2020,14.8815),('A3119150303',2021,16.2407),('A3120150304',2020,14.0641),('A3120150304',2021,16.3792),('A3120150305',2020,16.1161),('A3120150305',2021,16.3218),('A3120150306',2020,16.6688),('A3120150306',2021,19.3003),('A3220150401',2020,16.3836),('A3220150401',2021,18.4943),('A3220150402',2020,19.5757),('A3220150402',2021,18.7947),('A3220150403',2020,18.6726),('A3220150403',2021,18.5844),('A3220150404',2020,18.2513),('A3220150404',2021,18.4219),('A3220150405',2020,18.1401),('A3220150405',2021,18.9415),('A3220150406',2020,19.4804),('A3220150406',2021,20.0066),('A3320150501',2020,18.1790),('A3320150501',2021,20.3908),('A3320150502',2020,20.9546),('A3320150502',2021,21.6988),('A3320150503',2020,18.8626),('A3320150503',2021,20.8733),('A3320150504',2020,21.1391),('A3320150504',2021,22.1341),('A3320150505',2021,23.0844),('A3320150506',2021,23.7678),('A3420150601',2021,24.5690),('A3420150602',2021,23.9726),('A3421150603',2021,26.9507),('A3421150604',2021,27.4152),('A3421150605',2021,29.8692),('A3421150606',2021,29.6709),('A3521150701',2021,29.3872),('A3521150702',2021,30.3414),('A3521150703',2021,31.7665),('A3521150704',2021,33.6246),('A3521150705',2021,34.5114),('A3718150101',2020,15.4679),('A3718150101',2021,16.5127),('A3718150102',2020,16.6587),('A3718150102',2021,16.1015),('A3718150103',2020,16.2027),('A3718150103',2021,17.5697),('A3718150104',2020,16.6713),('A3718150105',2020,16.9522),('A3718150105',2021,18.0312),('A3818150201',2020,16.0551),('A3818150201',2021,17.2648),('A3818150202',2020,16.5828),('A3818150202',2021,17.5197),('A3819150203',2020,17.0648),('A3819150203',2021,18.4533),('A3819150204',2020,18.8824),('A3819150204',2021,21.1942),('A3819150205',2020,19.6220),('A3819150205',2021,21.6066),('A3920150301',2020,20.7513),('A3920150301',2021,22.1454),('A3920150302',2020,22.3948),('A3920150302',2021,23.1520),('A3920150303',2020,23.0298),('A3920150303',2021,25.4670),('A3920150304',2020,25.2923),('A3920150304',2021,25.0442),('A3920150305',2020,25.7120),('A3920150305',2021,27.4546),('A4020150401',2020,25.0815),('A4020150401',2021,26.9302),('A4020150402',2020,24.7483),('A4020150402',2021,28.4500),('A4021150403',2021,29.9423),('A4021150404',2021,28.5800),('A4021150405',2021,31.7029),('A4118110101',2020,154.0148),('A4118110102',2020,172.9702),('A4118110103',2020,155.1157),('A4118110104',2020,170.2798),('A4118110105',2020,179.2448),('A4118110105',2021,182.8932),('A4118110106',2020,164.6593),('A4118110106',2021,187.7533),('A4118110107',2020,182.4194),('A4118110107',2021,195.7721),('A4218110201',2020,182.2427),('A4218110201',2021,200.2732),('A4218110202',2020,214.0228),('A4218110202',2021,215.9341),('A4218110203',2020,206.9644),('A4218110203',2021,236.8486),('A4218110204',2020,225.6933),('A4218110204',2021,232.1038),('A4218110205',2020,241.4048),('A4218110205',2021,240.1403),('A4218110206',2020,224.1823),('A4218110206',2021,237.0183),('A4218110207',2020,219.3972),('A4218110207',2021,249.1303),('A4218110208',2020,217.1334),('A4218110208',2021,243.0414),('A4318110301',2020,250.7311),('A4318110301',2021,264.7000),('A4319110302',2020,227.5638),('A4319110302',2021,267.2091),('A4319110303',2020,241.4135),('A4319110303',2021,261.2305),('A4319110304',2020,243.9734),('A4319110304',2021,267.0636),('A4319110305',2020,249.6999),('A4319110305',2021,277.8079),('A4319110306',2020,252.9850),('A4319110306',2021,275.8194),('A4419110401',2020,258.2179),('A4419110401',2021,271.3471),('A4419110402',2020,270.5573),('A4419110402',2021,281.9504),('A4419110403',2020,267.8653),('A4419110403',2021,288.0503),('A4419110404',2020,284.8810),('A4419110404',2021,286.8973),('A4419110405',2020,299.4172),('A4419110405',2021,291.2071),('A4419110406',2020,281.2664),('A4419110406',2021,287.5666),('A4419110407',2020,272.4850),('A4419110407',2021,287.4934),('A4419110408',2020,298.6129),('A4419110408',2021,297.0277),('A4519110501',2020,301.4670),('A4519110501',2021,311.8396),('A4519110502',2020,296.9288),('A4519110502',2021,300.3378),('A4519110503',2020,287.9833),('A4519110503',2021,306.9189),('A4520110504',2020,310.0885),('A4520110504',2021,341.7343),('A4520110505',2021,325.2156),('A4520110506',2021,325.2561),('A4520110507',2021,322.9426),('A4520110508',2021,327.0930),('A4620110601',2021,347.2474),('A4620110602',2021,346.6886),('A4620110603',2021,366.0459),('A4620110604',2021,353.0982),('A4620110605',2021,349.2525),('A4620110606',2021,348.5375),('A4620110607',2021,347.8030),('A4620110608',2021,363.0630),('A4720110701',2021,367.7335),('A4720110702',2021,371.4027),('A4721110703',2021,361.6496),('A4721110704',2021,380.2153),('A4721110705',2021,377.4069),('A4918110101',2020,414.0527),('A4918110101',2021,419.1936),('A4918110102',2020,410.7825),('A4918110102',2021,451.4881),('A4918110103',2020,404.5499),('A4918110103',2021,428.1451),('A4918110104',2020,442.7747),('A4918110104',2021,460.2805),('A5018110201',2020,448.4344),('A5018110201',2021,451.7049),('A5018110202',2020,460.2120),('A5018110202',2021,462.5568),('A5018110203',2020,429.9140),('A5018110203',2021,452.1420),('A5018110204',2020,423.8962),('A5018110204',2021,447.7337),('A5018110205',2020,445.7859),('A5018110205',2021,486.1763),('A5018110206',2020,419.1448),('A5018110206',2021,475.5544),('A5018110207',2020,434.3492),('A5018110207',2021,475.1904),('A5019110208',2020,422.5003),('A5019110208',2021,467.3047),('A5119110301',2020,447.8328),('A5119110301',2021,479.0441),('A5119110302',2020,429.4731),('A5119110302',2021,474.3132),('A5119110303',2020,435.3706),('A5119110303',2021,474.3154),('A5119110304',2020,450.3517),('A5119110305',2020,455.3407),('A5119110305',2021,483.3813),('A5119110306',2020,487.0934),('A5119110306',2021,486.4857),('A5119110307',2020,506.2689),('A5119110307',2021,516.4580),('A5119110308',2020,502.7354),('A5119110308',2021,512.5811),('A5219110401',2020,502.3724),('A5219110401',2021,506.9644),('A5219110402',2020,456.1586),('A5219110402',2021,490.1582),('A5219110403',2020,473.8973),('A5219110403',2021,525.8042),('A5219110404',2020,477.9453),('A5219110405',2020,523.6100),('A5219110405',2021,521.2603),('A5219110406',2020,492.9352),('A5219110406',2021,550.4597),('A5219110407',2021,545.5931),('A5220110408',2021,533.0397),('A5318110101',2020,564.6156),('A5318110102',2020,527.0097),('A5318110103',2020,514.3688),('A5318110103',2021,584.9722),('A5318110104',2020,521.9562),('A5318110104',2021,586.3824),('A5318110105',2020,545.0863),('A5318110105',2021,551.3303),('A5318110106',2020,520.4234),('A5318110106',2021,565.8747),('A5318110107',2020,581.6294),('A5318110107',2021,571.6489),('A5318110108',2020,555.7164),('A5318110108',2021,579.6609),('A5419110201',2020,556.8804),('A5419110201',2021,585.0003),('A5419110202',2020,551.0983),('A5419110202',2021,567.9271),('A5419110203',2020,554.6274),('A5419110203',2021,595.5711),('A5419110204',2020,573.7665),('A5419110204',2021,602.9200),('A5419110205',2020,591.8599),('A5419110205',2021,570.7578),('A5419110206',2020,548.9012),('A5419110206',2021,601.6398),('A5419110207',2020,592.2589),('A5419110207',2021,599.2302),('A5419110208',2020,570.8426),('A5419110208',2021,608.4070),('A5519110301',2020,564.7649),('A5519110301',2021,589.7411),('A5519110302',2020,578.0696),('A5519110302',2021,605.8642),('A5519110303',2020,526.3266),('A5519110303',2021,604.2721),('A5519110304',2020,612.6344),('A5519110304',2021,597.7704),('A5520110305',2020,579.8901),('A5520110305',2021,632.4885),('A5520110306',2020,601.3269),('A5520110306',2021,639.6816),('A5520110307',2020,576.5295),('A5520110307',2021,609.7926),('A5520110308',2020,576.4593),('A5520110308',2021,590.1159),('A5620110401',2020,614.8923),('A5620110401',2021,642.0698),('A5620110402',2020,638.0462),('A5620110402',2021,593.8297),('A5621110403',2020,625.8672),('A5621110403',2021,631.1855),('A5621110404',2020,561.6091),('A5621110404',2021,639.9614),('A5621110405',2020,579.0268),('A5621110405',2021,601.8173),('A5621110406',2020,592.9208),('A5621110406',2021,644.3777),('A5621110407',2020,613.2204),('A5621110407',2021,655.7782),('A5621110408',2020,560.9895),('A5621110408',2021,657.2525),('A5721110501',2020,581.7075),('A5721110501',2021,649.6929),('A5721110502',2021,627.9938),('A5721110503',2021,678.3035),('A5721110504',2021,655.8348),('A5721110505',2021,674.4272),('A5721110506',2021,720.5460),('A5820110101',2021,681.3022),('A5820110102',2021,697.5541),('A5820110103',2021,735.1465),('A5820110104',2021,690.4971),('A5820110105',2021,709.3926),('A5820110106',2021,692.5242),('A5820110107',2021,737.6775),('A5821110108',2021,746.7388),('A6018110101',2020,713.9641),('A6018110101',2021,800.4577),('A6018110102',2020,748.8924),('A6018110102',2021,764.0542),('A6018110103',2020,746.8113),('A6018110103',2021,770.9789),('A6018110104',2020,719.9453),('A6018110104',2021,749.0987),('A6018110105',2020,729.7152),('A6018110105',2021,766.6472),('A6018110106',2020,684.4118),('A6018110106',2021,787.5874),('A6019110107',2020,730.0590),('A6019110107',2021,785.9918),('A6019110108',2021,796.6606),('A6119110201',2021,824.0889),('A6119110202',2021,790.1040),('A6119110203',2021,769.5635),('A6119110204',2021,807.2638),('A6120110205',2021,834.9812),('A6120110206',2021,810.6034),('A6218160101',2020,13.7011),('A6218160101',2021,13.5941),('A6218160102',2020,14.4286),('A6218160102',2021,15.2481),('A6219160103',2020,15.5372),('A6219160103',2021,16.3003),('A6319160201',2020,16.4988),('A6319160201',2021,17.3590),('A6319160202',2020,16.8905),('A6319160202',2021,18.5733),('A6319160203',2020,17.7642),('A6319160203',2021,19.3433),('A6419160301',2020,18.6079),('A6419160301',2021,17.8043),('A6419160302',2020,17.4042),('A6419160302',2021,19.6723),('A6419160303',2020,18.3282),('A6419160303',2021,19.3342),('A6519160401',2020,18.7171),('A6519160401',2021,20.2889),('A6520160402',2021,20.1650),('A6520160403',2021,21.2830),('A6620160501',2021,22.8530),('A6720160103',2020,4.3832),('A6720160103',2021,4.4411),('A6818160201',2020,2.9691),('A6818160201',2021,2.9990),('A6818160202',2021,3.8531),('A6819160203',2021,5.0984),('A7118160101',2020,26.1500),('A7118160101',2021,29.6712),('A7119160102',2020,28.8886),('A7119160102',2021,29.9264),('A7119160103',2020,29.1765),('A7119160103',2021,28.7736),('A7219160201',2020,28.4140),('A7219160201',2021,32.9575),('A7220160202',2020,35.3708),('A7220160202',2021,35.2053),('A7220160203',2020,37.9161),('A7220160203',2021,37.4784),('A7321160301',2021,40.7954),('A7321160302',2021,43.9446),('A7321160303',2021,42.8483);
/*!40000 ALTER TABLE `fact_gross_price` ENABLE KEYS */;
UNLOCK TABLES;

--
-- Table structure for table `fact_manufacturing_cost`
--

DROP TABLE IF EXISTS `fact_manufacturing_cost`;
/*!40101 SET @saved_cs_client     = @@character_set_client */;
/*!50503 SET character_set_client = utf8mb4 */;
CREATE TABLE `fact_manufacturing_cost` (
  `product_code` varchar(45) CHARACTER SET latin1 NOT NULL,
  `cost_year` year NOT NULL,
  `manufacturing_cost` decimal(15,4) unsigned NOT NULL
) ENGINE=InnoDB DEFAULT CHARSET=utf8mb4 COLLATE=utf8mb4_0900_ai_ci;
/*!40101 SET character_set_client = @saved_cs_client */;

--
-- Dumping data for table `fact_manufacturing_cost`
--

LOCK TABLES `fact_manufacturing_cost` WRITE;
/*!40000 ALTER TABLE `fact_manufacturing_cost` DISABLE KEYS */;
INSERT INTO `fact_manufacturing_cost` VALUES ('A0118150101',2020,5.0207),('A0118150101',2021,5.5172),('A0118150102',2020,5.7180),('A0118150102',2021,6.2835),('A0118150103',2020,6.3264),('A0118150103',2021,6.5900),('A0118150104',2020,6.4789),('A0118150104',2021,6.8199),('A0219150201',2020,6.4858),('A0219150201',2021,7.0498),('A0219150202',2020,7.0590),('A0219150202',2021,7.2031),('A0220150203',2020,7.0621),('A0220150203',2021,7.3563),('A0320150301',2020,6.8414),('A0320150301',2021,7.3563),('A0321150302',2021,7.8161),('A0321150303',2021,8.4291),('A0418150101',2020,5.0759),('A0418150102',2020,5.2169),('A0418150103',2020,5.3448),('A0418150103',2021,5.7471),('A0418150104',2020,5.6490),('A0418150104',2021,5.8238),('A0418150105',2020,5.3579),('A0418150105',2021,5.8238),('A0418150106',2020,5.2996),('A0418150106',2021,5.8238),('A0418150107',2020,6.0077),('A0418150108',2020,5.9923),('A0519150201',2020,6.3264),('A0519150201',2021,6.5900),('A0519150202',2020,7.3594),('A0519150202',2021,7.5096),('A0519150203',2020,7.1126),('A0519150203',2021,7.8161),('A0519150204',2020,7.7241),('A0519150204',2021,8.0460),('A0519150205',2020,8.3379),('A0519150205',2021,8.9655),('A0519150206',2020,8.2069),('A0519150206',2021,9.1188),('A0519150207',2020,8.5303),('A0519150207',2021,9.2720),('A0519150208',2020,8.6008),('A0519150208',2021,9.3487),('A0619150301',2020,8.9318),('A0619150301',2021,9.5019),('A0619150302',2020,9.3640),('A0619150302',2021,9.9617),('A0620150303',2020,10.3318),('A0620150303',2021,10.6513),('A0620150304',2020,10.3724),('A0620150304',2021,10.8046),('A0620150305',2020,10.0812),('A0620150305',2021,10.9579),('A0620150306',2020,10.4828),('A0620150306',2021,11.0345),('A0621150307',2020,10.7402),('A0621150307',2021,11.1877),('A0621150308',2020,11.0008),('A0621150308',2021,11.3410),('A0721150401',2020,10.8766),('A0721150401',2021,11.5709),('A0721150402',2020,11.6069),('A0721150402',2021,11.7241),('A0721150403',2021,11.9540),('A0721150404',2021,12.1073),('A0821150501',2021,12.4138),('A0821150502',2021,12.7203),('A0821150503',2021,12.8736),('A0821150504',2021,12.8736),('A0921150601',2021,13.3333),('A1018150101',2020,31.5188),('A1018150101',2021,34.6360),('A1018150102',2020,34.9195),('A1018150102',2021,35.6322),('A1018150103',2020,34.8690),('A1018150103',2021,36.3218),('A1118150201',2020,36.1594),('A1118150201',2021,38.4674),('A1118150202',2020,38.8743),('A1118150202',2021,40.0766),('A1119150203',2020,37.7946),('A1119150203',2021,41.5326),('A1219150301',2020,37.8644),('A1219150301',2021,41.6092),('A1219150302',2020,40.2391),('A1219150302',2021,41.9157),('A1219150303',2020,40.8812),('A1219150303',2021,42.1456),('A1319150401',2020,43.0368),('A1319150401',2021,44.3678),('A1320150402',2020,45.0621),('A1320150402',2021,45.5172),('A1320150403',2020,42.5103),('A1320150403',2021,46.2069),('A1420150501',2020,43.9908),('A1420150501',2021,47.8161),('A1420150502',2021,50.7280),('A1421150503',2021,54.0230),('A1521150601',2021,54.2529),('A1521150602',2021,57.2414),('A1618150101',2020,5.5908),('A1618150101',2021,5.8238),('A1618150102',2020,5.4874),('A1618150102',2021,5.9004),('A1618150103',2020,6.0575),('A1618150103',2021,6.5134),('A1618150104',2020,6.6000),('A1618150104',2021,6.6667),('A1718150201',2020,6.5410),('A1718150201',2021,6.7433),('A1718150202',2020,6.9088),('A1718150202',2021,7.0498),('A1718150203',2020,7.5770),('A1718150203',2021,7.8927),('A1718150204',2020,8.4966),('A1718150204',2021,8.5824),('A1819150301',2020,8.4107),('A1819150301',2021,8.5824),('A1819150302',2020,9.0996),('A1819150302',2021,9.5785),('A1819150303',2020,9.0506),('A1819150303',2021,9.7318),('A1819150304',2020,8.8276),('A1819150304',2021,9.8084),('A1919150401',2021,9.8084),('A1919150402',2021,10.1149),('A1919150403',2021,10.5747),('A1920150404',2021,11.4176),('A2020150501',2021,11.9540),('A2020150502',2021,11.9540),('A2021150503',2021,13.1801),('A2118150101',2020,0.8920),('A2118150101',2021,0.9195),('A2118150102',2020,1.0460),('A2118150102',2021,1.1494),('A2118150103',2020,1.2506),('A2118150103',2021,1.3027),('A2118150104',2020,1.3249),('A2118150104',2021,1.4559),('A2118150105',2020,1.4123),('A2118150105',2021,1.4559),('A2118150106',2020,1.5448),('A2118150106',2021,1.6092),('A2218150201',2020,1.5847),('A2218150201',2021,1.6858),('A2218150202',2020,1.7655),('A2218150202',2021,1.8391),('A2219150203',2020,2.0483),('A2219150203',2021,2.0690),('A2219150204',2020,2.2000),('A2219150204',2021,2.2222),('A2219150205',2020,2.1379),('A2219150205',2021,2.3755),('A2219150206',2020,2.4276),('A2219150206',2021,2.4521),('A2319150301',2020,2.4751),('A2319150301',2021,2.6054),('A2319150302',2020,2.4490),('A2319150302',2021,2.6054),('A2319150303',2020,2.7034),('A2319150303',2021,2.7586),('A2319150304',2020,3.0897),('A2319150304',2021,3.2184),('A2319150305',2020,2.9609),('A2319150305',2021,3.2184),('A2319150306',2020,3.1218),('A2319150306',2021,3.2184),('A2419150401',2020,3.1303),('A2419150401',2021,3.2950),('A2419150402',2020,2.9985),('A2419150402',2021,3.2950),('A2419150403',2020,3.1356),('A2419150403',2021,3.3716),('A2419150404',2020,3.2414),('A2419150404',2021,3.6015),('A2419150405',2020,3.5310),('A2419150405',2021,3.6782),('A2420150406',2020,3.5670),('A2420150406',2021,3.7548),('A2520150501',2021,3.7548),('A2520150502',2021,4.2146),('A2520150503',2021,4.2912),('A2520150504',2021,4.2912),('A2520150505',2021,4.3678),('A2520150506',2021,4.4444),('A2620150601',2021,4.5211),('A2620150602',2021,4.5977),('A2620150603',2021,4.6743),('A2620150604',2021,4.9042),('A2620150605',2021,4.9808),('A2620150606',2021,5.0575),('A2720150701',2021,5.1341),('A2721150702',2021,5.1341),('A2721150703',2021,5.2874),('A2721150704',2021,5.9004),('A2721150705',2021,5.9770),('A2721150706',2021,6.1303),('A2821150801',2021,6.2069),('A2918150101',2020,1.9241),('A2918150101',2021,2.0690),('A2918150102',2020,2.2299),('A2918150102',2021,2.2989),('A2918150103',2020,2.1617),('A2918150103',2021,2.3755),('A2918150104',2020,2.7310),('A2918150104',2021,2.7586),('A2918150105',2020,2.6789),('A2918150105',2021,2.9119),('A2918150106',2020,2.9533),('A2918150106',2021,3.1418),('A3018150201',2020,3.1356),('A3018150201',2021,3.3716),('A3018150202',2020,3.1019),('A3018150202',2021,3.3716),('A3018150203',2020,3.5655),('A3018150203',2021,3.6015),('A3019150204',2020,3.2774),('A3019150204',2021,3.6015),('A3019150205',2020,3.2774),('A3019150205',2021,3.6015),('A3019150206',2020,3.8582),('A3019150206',2021,4.0613),('A3119150301',2020,3.9195),('A3119150301',2021,4.2146),('A3119150302',2020,4.0889),('A3119150302',2021,4.4444),('A3119150303',2020,4.3471),('A3119150303',2021,4.6743),('A3120150304',2020,4.3931),('A3120150304',2021,4.8276),('A3120150305',2020,4.6322),('A3120150305',2021,4.9808),('A3120150306',2020,5.0207),('A3120150306',2021,5.5172),('A3220150401',2020,5.0345),('A3220150401',2021,5.5939),('A3220150402',2020,5.6322),('A3220150402',2021,5.7471),('A3220150403',2020,5.6897),('A3220150403',2021,5.7471),('A3220150404',2020,5.6322),('A3220150404',2021,5.7471),('A3220150405',2020,5.6490),('A3220150405',2021,5.8238),('A3220150406',2020,5.7234),('A3220150406',2021,5.9004),('A3320150501',2020,5.6299),('A3320150501',2021,6.0536),('A3320150502',2020,6.0828),('A3320150502',2021,6.2069),('A3320150503',2020,5.8513),('A3320150503',2021,6.3601),('A3320150504',2020,6.1946),('A3320150504',2021,6.5900),('A3320150505',2021,6.7433),('A3320150506',2021,7.3563),('A3420150601',2021,7.4330),('A3420150602',2021,7.4330),('A3421150603',2021,7.7395),('A3421150604',2021,8.2759),('A3421150605',2021,8.5824),('A3421150606',2021,8.6590),('A3521150701',2021,8.7356),('A3521150702',2021,8.8889),('A3521150703',2021,9.3487),('A3521150704',2021,10.1916),('A3521150705',2021,10.1916),('A3718150101',2020,4.6345),('A3718150101',2021,4.8276),('A3718150102',2020,4.9310),('A3718150102',2021,4.9808),('A3718150103',2020,4.7747),('A3718150103',2021,5.1341),('A3718150104',2020,4.9172),('A3718150105',2020,5.0230),('A3718150105',2021,5.2874),('A3818150201',2020,4.9349),('A3818150201',2021,5.3640),('A3818150202',2020,5.1686),('A3818150202',2021,5.4406),('A3819150203',2020,5.2736),('A3819150203',2021,5.6705),('A3819150204',2020,5.8575),('A3819150204',2021,6.4368),('A3819150205',2020,6.0000),('A3819150205',2021,6.6667),('A3920150301',2020,6.2743),('A3920150301',2021,6.8199),('A3920150302',2020,6.4828),('A3920150302',2021,6.8966),('A3920150303',2020,7.0613),('A3920150303',2021,7.2797),('A3920150304',2020,7.4345),('A3920150304',2021,7.5096),('A3920150305',2020,7.8713),('A3920150305',2021,8.1992),('A4020150401',2020,7.7793),('A4020150401',2021,8.2759),('A4020150402',2020,7.6138),('A4020150402',2021,8.2759),('A4021150403',2021,8.5824),('A4021150404',2021,8.7356),('A4021150405',2021,9.5019),('A4118110101',2020,46.2322),('A4118110102',2020,50.0966),('A4118110103',2020,47.3103),('A4118110104',2020,52.0092),('A4118110105',2020,54.4690),('A4118110105',2021,55.0192),('A4118110106',2020,51.2521),('A4118110106',2021,55.7088),('A4118110107',2020,52.5931),('A4118110107',2021,56.5517),('A4218110201',2020,53.7333),('A4218110201',2021,57.7778),('A4218110202',2020,61.3701),('A4218110202',2021,65.2874),('A4218110203',2020,62.7586),('A4218110203',2021,68.9655),('A4218110204',2020,68.1601),('A4218110204',2021,70.2682),('A4218110205',2020,69.3701),('A4218110205',2021,72.2605),('A4218110206',2020,68.5563),('A4218110206',2021,73.7165),('A4218110207',2020,67.7793),('A4218110207',2021,74.4828),('A4218110208',2020,67.1724),('A4218110208',2021,74.6360),('A4318110301',2020,72.1418),('A4318110301',2021,75.9387),('A4319110302',2020,70.1379),('A4319110302',2021,77.9310),('A4319110303',2020,71.0345),('A4319110303',2021,78.9272),('A4319110304',2020,71.2414),('A4319110304',2021,79.1571),('A4319110305',2020,75.2552),('A4319110305',2021,80.9195),('A4319110306',2020,74.0690),('A4319110306',2021,82.2989),('A4419110401',2020,76.5655),('A4419110401',2021,84.1379),('A4419110402',2020,77.9709),('A4419110402',2021,84.7510),('A4419110403',2020,82.8031),('A4419110403',2021,85.3640),('A4419110404',2020,83.5464),('A4419110404',2021,86.1303),('A4419110405',2020,86.6345),('A4419110405',2021,87.5096),('A4419110406',2020,81.5663),('A4419110406',2021,88.6590),('A4419110407',2020,84.3479),('A4419110407',2021,89.7318),('A4419110408',2020,88.1287),('A4419110408',2021,91.8008),('A4519110501',2020,87.6475),('A4519110501',2021,92.2605),('A4519110502',2020,89.7471),('A4519110502',2021,93.4866),('A4519110503',2020,87.4881),('A4519110503',2021,95.0958),('A4520110504',2020,95.5586),('A4520110504',2021,99.5402),('A4520110505',2021,100.3065),('A4520110506',2021,100.3065),('A4520110507',2021,100.5364),('A4520110508',2021,100.6130),('A4620110601',2021,103.8314),('A4620110602',2021,104.0613),('A4620110603',2021,104.9808),('A4620110604',2021,106.6667),('A4620110605',2021,106.8199),('A4620110606',2021,107.6628),('A4620110607',2021,107.9693),('A4620110608',2021,108.0460),('A4720110701',2021,108.2759),('A4720110702',2021,109.8851),('A4721110703',2021,110.6513),('A4721110704',2021,112.1073),('A4721110705',2021,113.0268),('A4918110101',2020,121.5877),('A4918110101',2021,129.3487),('A4918110102',2020,124.1188),('A4918110102',2021,130.6513),('A4918110103',2020,120.5517),('A4918110103',2021,131.0345),('A4918110104',2020,127.1034),('A4918110104',2021,133.7931),('A5018110201',2020,131.1172),('A5018110201',2021,135.1724),('A5018110202',2020,133.9724),('A5018110202',2021,135.3257),('A5018110203',2020,127.6383),('A5018110203',2021,135.7854),('A5018110204',2020,132.3065),('A5018110204',2021,136.3985),('A5018110205',2020,138.7517),('A5018110205',2021,140.1533),('A5018110206',2020,127.7487),('A5018110206',2021,140.3831),('A5018110207',2020,133.5096),('A5018110207',2021,140.5364),('A5019110208',2020,127.2414),('A5019110208',2021,141.3793),('A5119110301',2020,137.5632),('A5119110301',2021,143.2950),('A5119110302',2020,132.6299),('A5119110302',2021,145.7471),('A5119110303',2020,133.1180),('A5119110303',2021,146.2835),('A5119110304',2020,136.4713),('A5119110305',2020,136.8368),('A5119110305',2021,148.7356),('A5119110306',2020,140.1716),('A5119110306',2021,149.1188),('A5119110307',2020,145.1655),('A5119110307',2021,149.6552),('A5119110308',2020,151.1172),('A5119110308',2021,152.6437),('A5219110401',2020,151.2690),('A5219110401',2021,152.7969),('A5219110402',2020,139.1847),('A5219110402',2021,152.9502),('A5219110403',2020,144.4935),('A5219110403',2021,153.7165),('A5219110404',2020,147.8506),('A5219110405',2020,153.0452),('A5219110405',2021,156.1686),('A5219110406',2020,149.7433),('A5219110406',2021,157.6245),('A5219110407',2021,157.8544),('A5220110408',2021,164.2912),('A5318110101',2020,163.7479),('A5318110102',2020,159.0437),('A5318110103',2020,155.9418),('A5318110103',2021,169.5019),('A5318110104',2020,159.6920),('A5318110104',2021,169.8851),('A5318110105',2020,161.4636),('A5318110105',2021,169.9617),('A5318110106',2020,155.7111),('A5318110106',2021,171.1111),('A5318110107',2020,167.9847),('A5318110107',2021,173.1801),('A5318110108',2020,169.7916),('A5318110108',2021,173.2567),('A5419110201',2020,165.1034),('A5419110201',2021,173.7931),('A5419110202',2020,167.7241),('A5419110202',2021,174.7126),('A5419110203',2020,165.5985),('A5419110203',2021,176.1686),('A5419110204',2020,171.0322),('A5419110204',2021,176.3218),('A5419110205',2020,170.5931),('A5419110205',2021,177.7011),('A5419110206',2020,160.6897),('A5419110206',2021,178.5441),('A5419110207',2020,173.1877),('A5419110207',2021,178.5441),('A5419110208',2020,166.6161),('A5419110208',2021,179.1571),('A5519110301',2020,175.0460),('A5519110301',2021,180.4598),('A5519110302',2020,171.4368),('A5519110302',2021,180.4598),('A5519110303',2020,162.6897),('A5519110303',2021,180.7663),('A5519110304',2020,179.5655),('A5519110304',2021,181.3793),('A5520110305',2020,178.9533),('A5520110305',2021,182.6054),('A5520110306',2020,173.7663),('A5520110306',2021,182.9119),('A5520110307',2020,166.5195),('A5520110307',2021,182.9885),('A5520110308',2020,173.8391),('A5520110308',2021,182.9885),('A5620110401',2020,179.8544),('A5620110401',2021,183.5249),('A5620110402',2020,183.0552),('A5620110402',2021,184.9042),('A5621110403',2020,183.3586),('A5621110403',2021,185.2107),('A5621110404',2020,166.6897),('A5621110404',2021,185.2107),('A5621110405',2020,177.1149),('A5621110405',2021,186.4368),('A5621110406',2020,174.1701),('A5621110406',2021,187.2797),('A5621110407',2020,186.3931),('A5621110407',2021,188.2759),('A5621110408',2020,173.3533),('A5621110408',2021,190.4981),('A5721110501',2020,180.6529),('A5721110501',2021,192.1839),('A5721110502',2021,192.8736),('A5721110503',2021,194.3295),('A5721110504',2021,195.3257),('A5721110505',2021,202.7586),('A5721110506',2021,207.2797),('A5820110101',2021,212.4904),('A5820110102',2021,212.7203),('A5820110103',2021,213.2567),('A5820110104',2021,213.3333),('A5820110105',2021,214.7893),('A5820110106',2021,215.8621),('A5820110107',2021,218.2376),('A5821110108',2021,219.1571),('A6018110101',2020,219.8805),('A6018110101',2021,229.0421),('A6018110102',2020,215.3716),('A6018110102',2021,229.1188),('A6018110103',2020,224.8368),('A6018110103',2021,229.4253),('A6018110104',2020,219.7739),('A6018110104',2021,231.3410),('A6018110105',2020,214.3142),('A6018110105',2021,232.9502),('A6018110106',2020,210.1379),('A6018110106',2021,233.4866),('A6019110107',2020,210.2759),('A6019110107',2021,233.6399),('A6019110108',2021,234.1762),('A6119110201',2021,237.3180),('A6119110202',2021,238.2376),('A6119110203',2021,238.6207),('A6119110204',2021,238.7739),('A6120110205',2021,240.3065),('A6120110206',2021,240.5364),('A6218160101',2020,4.0966),('A6218160101',2021,4.1379),('A6218160102',2020,4.4759),('A6218160102',2021,4.5211),('A6219160103',2020,4.8552),('A6219160103',2021,4.9042),('A6319160201',2020,5.0544),('A6319160201',2021,5.2107),('A6319160202',2020,5.1494),('A6319160202',2021,5.3640),('A6319160203',2020,5.5172),('A6319160203',2021,5.7471),('A6419160301',2020,5.3862),('A6419160301',2021,5.4406),('A6419160302',2020,5.4023),('A6419160302',2021,5.7471),('A6419160303',2020,5.4874),('A6419160303',2021,5.9004),('A6519160401',2020,5.5464),('A6519160401',2021,5.9004),('A6520160402',2021,6.0536),('A6520160403',2021,6.2835),('A6620160501',2021,6.5900),('A6720160103',2020,1.3655),('A6720160103',2021,1.3793),('A6818160201',2020,0.9011),('A6818160201',2021,0.9195),('A6818160202',2021,1.1494),('A6819160203',2021,1.5326),('A7118160101',2020,8.1533),('A7118160101',2021,8.5824),('A7119160102',2020,8.7241),('A7119160102',2021,8.8123),('A7119160103',2020,8.3379),('A7119160103',2021,8.9655),('A7219160201',2020,8.5517),('A7219160201',2021,9.5019),('A7220160202',2020,10.1831),('A7220160202',2021,10.4981),('A7220160203',2020,11.3034),('A7220160203',2021,11.4176),('A7321160301',2021,12.4138),('A7321160302',2021,12.5670),('A7321160303',2021,12.9502);
/*!40000 ALTER TABLE `fact_manufacturing_cost` ENABLE KEYS */;
UNLOCK TABLES;

--
-- Table structure for table `fact_pre_invoice_deductions`
--

DROP TABLE IF EXISTS `fact_pre_invoice_deductions`;
/*!40101 SET @saved_cs_client     = @@character_set_client */;
/*!50503 SET character_set_client = utf8mb4 */;
CREATE TABLE `fact_pre_invoice_deductions` (
  `customer_code` int unsigned NOT NULL,
  `fiscal_year` year NOT NULL,
  `pre_invoice_discount_pct` decimal(5,4) NOT NULL
) ENGINE=InnoDB DEFAULT CHARSET=utf8mb4 COLLATE=utf8mb4_0900_ai_ci;
/*!40101 SET character_set_client = @saved_cs_client */;

--
-- Dumping data for table `fact_pre_invoice_deductions`
--

LOCK TABLES `fact_pre_invoice_deductions` WRITE;
/*!40000 ALTER TABLE `fact_pre_invoice_deductions` DISABLE KEYS */;
INSERT INTO `fact_pre_invoice_deductions` VALUES (70002017,2020,0.0735),(70002017,2021,0.0703),(70002018,2020,0.2255),(70002018,2021,0.2061),(70003181,2020,0.0531),(70003181,2021,0.0974),(70003182,2020,0.1823),(70003182,2021,0.2065),(70004069,2020,0.0576),(70004069,2021,0.1068),(70004070,2020,0.2054),(70004070,2021,0.2612),(70005163,2020,0.2578),(70005163,2021,0.2471),(70006157,2020,0.0765),(70006157,2021,0.0858),(70006158,2020,0.2391),(70006158,2021,0.2450),(70007198,2020,0.0703),(70007198,2021,0.0736),(70007199,2020,0.2123),(70007199,2021,0.2105),(70008169,2020,0.0975),(70008169,2021,0.0793),(70008170,2020,0.2207),(70008170,2021,0.1817),(70009133,2020,0.1086),(70009133,2021,0.0961),(70009134,2020,0.2029),(70009134,2021,0.2899),(70010047,2020,0.0804),(70010047,2021,0.0552),(70010048,2020,0.2129),(70010048,2021,0.2205),(70011193,2020,0.0643),(70011193,2021,0.1056),(70011194,2020,0.1917),(70011194,2021,0.1859),(70012042,2020,0.0987),(70012042,2021,0.0936),(70012043,2020,0.1973),(70012043,2021,0.2287),(70013125,2020,0.0830),(70013125,2021,0.1041),(70013126,2020,0.2396),(70013126,2021,0.2873),(70014142,2020,0.0577),(70014142,2021,0.0962),(70014143,2020,0.1984),(70014143,2021,0.2674),(70015151,2020,0.0860),(70015151,2021,0.0679),(70015152,2020,0.1805),(70015152,2021,0.2488),(70016177,2020,0.1003),(70016177,2021,0.1094),(70016178,2020,0.3047),(70016178,2021,0.2623),(70017060,2020,0.1994),(70017060,2021,0.1817),(70018115,2020,0.2880),(70018115,2021,0.2219),(70019204,2020,0.1867),(70019204,2021,0.2561),(70020104,2020,0.2574),(70020104,2021,0.2826),(70021096,2020,0.3051),(70021096,2021,0.2865),(70022084,2020,0.0728),(70022084,2021,0.0849),(70022085,2020,0.3059),(70022085,2021,0.1876),(70023031,2020,0.0548),(70023031,2021,0.0809),(70023032,2020,0.3066),(70023032,2021,0.2779),(70026206,2020,0.2328),(70026206,2021,0.3043),(70027208,2020,0.2423),(70027208,2021,0.2791),(80001019,2020,0.2151),(80001019,2021,0.2485),(80006154,2020,0.2346),(80006154,2021,0.2103),(80006155,2020,0.2862),(80006155,2021,0.3091),(80007195,2020,0.2390),(80007195,2021,0.2617),(80007196,2020,0.2680),(80007196,2021,0.2819),(90001020,2020,0.2504),(90001020,2021,0.1965),(90001021,2020,0.1962),(90001021,2021,0.3095),(90002001,2020,0.1894),(90002001,2021,0.2119),(90002002,2020,0.1860),(90002002,2021,0.3025),(90002003,2020,0.2611),(90002003,2021,0.3028),(90002004,2020,0.2870),(90002004,2021,0.2753),(90002005,2020,0.2350),(90002005,2021,0.2702),(90002006,2020,0.2398),(90002006,2021,0.3038),(90002007,2020,0.2620),(90002007,2021,0.2508),(90002008,2020,0.2000),(90002008,2021,0.2207),(90002009,2020,0.2826),(90002009,2021,0.3083),(90002010,2020,0.2076),(90002010,2021,0.2259),(90002011,2020,0.2656),(90002011,2021,0.2793),(90002012,2020,0.2572),(90002012,2021,0.1957),(90002013,2020,0.2885),(90002013,2021,0.2253),(90002014,2020,0.2654),(90002014,2021,0.2057),(90002015,2020,0.2227),(90002015,2021,0.2004),(90002016,2020,0.1876),(90002016,2021,0.2933),(90003179,2020,0.2400),(90003179,2021,0.2455),(90003180,2020,0.2445),(90003180,2021,0.2342),(90004061,2020,0.2354),(90004061,2021,0.2788),(90004062,2020,0.2867),(90004062,2021,0.2863),(90004063,2020,0.2946),(90004063,2021,0.2676),(90004064,2020,0.2174),(90004064,2021,0.2235),(90004065,2020,0.2310),(90004065,2021,0.2967),(90004066,2020,0.2728),(90004066,2021,0.1830),(90004067,2020,0.2905),(90004067,2021,0.2672),(90004068,2020,0.2453),(90004068,2021,0.1977),(90005159,2020,0.2631),(90005159,2021,0.2976),(90005160,2020,0.2892),(90005160,2021,0.2314),(90005161,2020,0.2329),(90005161,2021,0.1958),(90005162,2020,0.1807),(90005162,2021,0.1969),(90006153,2020,0.1910),(90006153,2021,0.1864),(90006156,2020,0.2136),(90006156,2021,0.2195),(90007197,2020,0.2182),(90007197,2021,0.2009),(90008164,2020,0.2716),(90008164,2021,0.2499),(90008165,2020,0.2609),(90008165,2021,0.2136),(90008166,2020,0.1987),(90008166,2021,0.3063),(90008167,2020,0.2971),(90008167,2021,0.2339),(90008168,2020,0.3018),(90008168,2021,0.2511),(90009127,2020,0.2870),(90009127,2021,0.2964),(90009128,2020,0.2197),(90009128,2021,0.1818),(90009129,2020,0.2386),(90009129,2021,0.1809),(90009130,2020,0.2346),(90009130,2021,0.1800),(90009131,2020,0.2757),(90009131,2021,0.3015),(90009132,2020,0.3008),(90009132,2021,0.2566),(90010044,2020,0.1851),(90010044,2021,0.2594),(90010045,2020,0.2558),(90010045,2021,0.2883),(90010046,2020,0.1859),(90010046,2021,0.3034),(90011185,2020,0.1927),(90011185,2021,0.2613),(90011186,2020,0.2906),(90011186,2021,0.2401),(90011187,2020,0.2644),(90011187,2021,0.2899),(90011188,2020,0.2404),(90011188,2021,0.2996),(90011189,2020,0.2054),(90011189,2021,0.2933),(90011190,2020,0.1928),(90011190,2021,0.1829),(90011191,2020,0.2508),(90011191,2021,0.1925),(90011192,2020,0.2167),(90011192,2021,0.2439),(90012033,2020,0.3015),(90012033,2021,0.2638),(90012034,2020,0.2943),(90012034,2021,0.2195),(90012035,2020,0.3067),(90012035,2021,0.3045),(90012036,2020,0.1965),(90012036,2021,0.2421),(90012037,2020,0.3023),(90012037,2021,0.2129),(90012038,2020,0.2586),(90012038,2021,0.2785),(90012039,2020,0.2777),(90012039,2021,0.2819),(90012040,2020,0.2709),(90012040,2021,0.1814),(90012041,2020,0.2233),(90012041,2021,0.2048),(90013116,2020,0.3014),(90013116,2021,0.2250),(90013117,2020,0.2140),(90013117,2021,0.2411),(90013118,2020,0.2532),(90013118,2021,0.2111),(90013119,2020,0.2994),(90013119,2021,0.2591),(90013120,2020,0.1935),(90013120,2021,0.2360),(90013121,2020,0.2047),(90013121,2021,0.2093),(90013122,2020,0.2475),(90013122,2021,0.3093),(90013123,2020,0.2625),(90013123,2021,0.2252),(90013124,2020,0.2130),(90013124,2021,0.2046),(90014135,2020,0.1938),(90014135,2021,0.3042),(90014136,2020,0.2930),(90014136,2021,0.2034),(90014137,2020,0.2622),(90014137,2021,0.2825),(90014138,2020,0.2282),(90014138,2021,0.2979),(90014139,2020,0.1991),(90014139,2021,0.2892),(90014140,2020,0.2561),(90014140,2021,0.2733),(90014141,2020,0.2657),(90014141,2021,0.3074),(90015144,2020,0.2142),(90015144,2021,0.2594),(90015145,2020,0.2931),(90015145,2021,0.2660),(90015146,2020,0.2561),(90015146,2021,0.1805),(90015147,2020,0.2333),(90015147,2021,0.1965),(90015148,2020,0.2220),(90015148,2021,0.3076),(90015149,2020,0.2700),(90015149,2021,0.2671),(90015150,2020,0.2237),(90015150,2021,0.2316),(90016171,2020,0.2743),(90016171,2021,0.2974),(90016172,2020,0.2644),(90016172,2021,0.2653),(90016173,2020,0.2462),(90016173,2021,0.2623),(90016174,2020,0.1963),(90016174,2021,0.2556),(90016175,2020,0.2735),(90016175,2021,0.2130),(90016176,2020,0.2712),(90016176,2021,0.2143),(90017049,2020,0.2946),(90017049,2021,0.2938),(90017050,2020,0.2716),(90017050,2021,0.2505),(90017051,2020,0.3027),(90017051,2021,0.2753),(90017052,2020,0.2439),(90017052,2021,0.2371),(90017053,2020,0.1871),(90017053,2021,0.2431),(90017054,2020,0.2844),(90017054,2021,0.2496),(90017055,2020,0.2449),(90017055,2021,0.1983),(90017056,2020,0.2601),(90017056,2021,0.2692),(90017057,2020,0.1870),(90017057,2021,0.1844),(90017058,2020,0.2742),(90017058,2021,0.2384),(90017059,2020,0.2033),(90017059,2021,0.2308),(90018105,2020,0.1872),(90018105,2021,0.2963),(90018106,2020,0.2961),(90018106,2021,0.2763),(90018107,2020,0.2175),(90018107,2021,0.2082),(90018108,2020,0.2792),(90018108,2021,0.2363),(90018109,2020,0.1892),(90018109,2021,0.2375),(90018110,2020,0.2318),(90018110,2021,0.2053),(90018111,2020,0.2673),(90018111,2021,0.2627),(90018112,2020,0.2826),(90018112,2021,0.2949),(90018113,2020,0.1873),(90018113,2021,0.1960),(90018114,2020,0.2181),(90018114,2021,0.2259),(90019200,2020,0.1984),(90019200,2021,0.2261),(90019201,2020,0.1818),(90019201,2021,0.3015),(90019202,2020,0.1988),(90019202,2021,0.2054),(90019203,2020,0.3087),(90019203,2021,0.2007),(90020097,2020,0.2251),(90020097,2021,0.2522),(90020098,2020,0.2342),(90020098,2021,0.3015),(90020099,2020,0.2092),(90020099,2021,0.3091),(90020100,2020,0.2692),(90020100,2021,0.2909),(90020101,2020,0.2671),(90020101,2021,0.1930),(90020102,2020,0.2997),(90020102,2021,0.2054),(90020103,2020,0.2471),(90020103,2021,0.1938),(90021086,2020,0.2923),(90021086,2021,0.1815),(90021087,2020,0.2196),(90021087,2021,0.2444),(90021088,2020,0.3072),(90021088,2021,0.1931),(90021089,2020,0.2089),(90021089,2021,0.2943),(90021090,2020,0.3091),(90021090,2021,0.2216),(90021091,2020,0.3041),(90021091,2021,0.2501),(90021092,2020,0.2907),(90021092,2021,0.2329),(90021093,2020,0.2516),(90021093,2021,0.2845),(90021094,2020,0.2072),(90021094,2021,0.2344),(90021095,2020,0.2199),(90021095,2021,0.2848),(90022071,2020,0.2674),(90022071,2021,0.2257),(90022072,2020,0.2629),(90022072,2021,0.1853),(90022073,2020,0.1966),(90022073,2021,0.1953),(90022074,2020,0.2051),(90022074,2021,0.2408),(90022075,2020,0.2293),(90022075,2021,0.2375),(90022076,2020,0.2880),(90022076,2021,0.2882),(90022077,2020,0.2448),(90022077,2021,0.3028),(90022078,2020,0.2358),(90022078,2021,0.2162),(90022079,2020,0.2584),(90022079,2021,0.2075),(90022080,2020,0.2041),(90022080,2021,0.3059),(90022081,2020,0.2112),(90022081,2021,0.2902),(90022082,2020,0.2478),(90022082,2021,0.2128),(90022083,2020,0.2734),(90022083,2021,0.1927),(90023022,2020,0.3063),(90023022,2021,0.2556),(90023023,2020,0.2292),(90023023,2021,0.2652),(90023024,2020,0.2150),(90023024,2021,0.2289),(90023025,2020,0.2824),(90023025,2021,0.2571),(90023026,2020,0.3080),(90023026,2021,0.2918),(90023027,2020,0.2505),(90023027,2021,0.2554),(90023028,2020,0.2949),(90023028,2021,0.2598),(90023029,2020,0.3008),(90023029,2021,0.2506),(90023030,2020,0.3048),(90023030,2021,0.2186),(90024183,2020,0.2996),(90024183,2021,0.2251),(90024184,2020,0.2386),(90024184,2021,0.1839),(90025209,2020,0.2657),(90025209,2021,0.2386),(90026205,2020,0.3051),(90026205,2021,0.2554),(90027207,2020,0.2386),(90027207,2021,0.2772);
/*!40000 ALTER TABLE `fact_pre_invoice_deductions` ENABLE KEYS */;
UNLOCK TABLES;

--
-- Table structure for table `fact_sales_monthly`
--

DROP TABLE IF EXISTS `fact_sales_monthly`;
/*!40101 SET @saved_cs_client     = @@character_set_client */;
/*!50503 SET character_set_client = utf8mb4 */;
CREATE TABLE `fact_sales_monthly` (
  `date` date NOT NULL,
  `product_code` varchar(45) CHARACTER SET latin1 NOT NULL,
  `customer_code` int unsigned NOT NULL,
  `sold_quantity` int unsigned NOT NULL,
  `fiscal_year` year DEFAULT NULL
) ENGINE=InnoDB DEFAULT CHARSET=utf8mb4 COLLATE=utf8mb4_0900_ai_ci;
/*!40101 SET character_set_client = @saved_cs_client */;

--
-- Dumping data for table `fact_sales_monthly`
--
